chromosome,start,end,segVal,sample
chr1,68231700,70089800,1,141-27
chr1,70974200,75724900,0,141-27
chr1,78498000,84479500,0,141-27
chr1,96721905,99686700,1,141-27
chr1,100498200,107481211,0,141-27
chr1,117210200,119422500,0,141-27
chr1,152085200,153298331,0,141-27
chr1,157575788,159714700,0,141-27
chr1,168457503,173477600,0,141-27
chr1,185280900,200039800,0,141-27
chr1,214644500,217683461,0,141-27
chr1,217741900,243256100,1,141-27
chr1,247451825,248740010,0,141-27
chr2,38800,11837000,3,141-27
chr2,12199200,19948405,3,141-27
chr2,19951400,20789279,3,141-27
chr2,21043600,23506860,1,141-27
chr2,48646839,53714276,0,141-27
chr2,55693100,58461772,1,141-27
chr2,67403200,67877820,1,141-27
chr2,105264600,110610800,1,141-27
chr2,136991005,148512800,0,141-27
chr2,161340900,167869100,0,141-27
chr2,169176700,172506240,3,141-27
chr2,174799473,178558600,3,141-27
chr2,178758850,183607600,3,141-27
chr2,183608000,186486145,1,141-27
chr2,189036700,195681200,3,141-27
chr2,195683800,201640034,3,141-27
chr2,201640300,206176900,3,141-27
chr2,206177185,208358629,3,141-27
chr2,208359914,215312800,3,141-27
chr2,215318142,231594400,3,141-27
chr3,169500,5219800,3,141-27
chr3,16493722,19535700,0,141-27
chr3,28316400,28413494,0,141-27
chr3,28435167,31658000,1,141-27
chr3,98515777,122262000,3,141-27
chr3,122262300,129794206,3,141-27
chr3,129794476,132690753,3,141-27
chr3,132691200,142950355,3,141-27
chr3,147390900,161346369,3,141-27
chr3,165016100,165036500,1,141-27
chr3,167789346,172773900,3,141-27
chr3,172774100,173315700,3,141-27
chr3,173396066,174286400,1,141-27
chr3,179243100,182980617,3,141-27
chr3,183015400,187291563,3,141-27
chr3,187291950,193824185,3,141-27
chr3,193993629,198040501,3,141-27
chr3,198041100,198153300,3,141-27
chr4,10558551,37446300,0,141-27
chr4,44664233,47320016,1,141-27
chr4,57834048,69596324,0,141-27
chr4,69596532,69733355,1,141-27
chr4,69733600,70399300,0,141-27
chr4,70399455,75516900,0,141-27
chr4,77611837,81205000,0,141-27
chr4,88649807,139015642,0,141-27
chr4,139889900,145152698,0,141-27
chr4,153781600,182688400,0,141-27
chr5,17306681,31299600,0,141-27
chr5,35032900,37010302,0,141-27
chr5,38884100,42779700,0,141-27
chr5,44048578,53093300,1,141-27
chr5,66178732,80331500,1,141-27
chr5,81446900,95659000,0,141-27
chr5,96979300,109050959,0,141-27
chr5,109051100,131008900,1,141-27
chr5,131009201,140786620,1,141-27
chr5,140787100,141476400,1,141-27
chr5,141476698,143229101,1,141-27
chr5,143278056,148662770,1,141-27
chr5,160686100,163439500,0,141-27
chr6,46015673,46161700,1,141-27
chr6,46165500,47577200,0,141-27
chr6,47579290,51959900,0,141-27
chr6,54111397,56624553,0,141-27
chr6,60544900,63191200,1,141-27
chr6,63709300,69713800,0,141-27
chr6,69718900,73394897,0,141-27
chr6,73395182,73792487,3,141-27
chr6,73792800,87337092,0,141-27
chr6,90116800,96554300,0,141-27
chr6,96554700,100516271,0,141-27
chr6,100518130,101889700,1,141-27
chr6,101889993,104019400,1,141-27
chr6,104181900,104729900,1,141-27
chr6,112069700,122868600,0,141-27
chr6,122996600,128927900,1,141-27
chr6,128928200,129486554,1,141-27
chr6,144827271,147509400,0,141-27
chr7,6879700,8435148,0,141-27
chr7,8435500,16375916,0,141-27
chr7,17032429,20367200,0,141-27
chr7,81175600,87199033,0,141-27
chr7,87829900,87849800,1,141-27
chr7,92794000,93906976,1,141-27
chr7,93909373,97740400,0,141-27
chr7,98137400,106097900,3,141-27
chr7,106099304,112475500,3,141-27
chr7,112475904,112490843,4,141-27
chr7,112765900,127580900,3,141-27
chr7,127580994,130662961,3,141-27
chr7,130667000,138461400,3,141-27
chr7,138504187,141750598,3,141-27
chr7,141764200,142097685,3,141-27
chr7,142099800,143750400,3,141-27
chr7,143851300,147977788,3,141-27
chr7,148118300,150747700,3,141-27
chr7,150749604,155965936,1,141-27
chr7,157839944,159233516,1,141-27
chr8,233000,13090500,1,141-27
chr8,13091489,17248000,1,141-27
chr8,17248200,43882700,1,141-27
chr8,46579350,48064002,3,141-27
chr8,48193300,74366900,3,141-27
chr8,79763900,86611752,3,141-27
chr8,93646566,103443500,3,141-27
chr8,103500800,117796200,3,141-27
chr8,117796600,130781000,3,141-27
chr8,130783800,132778000,3,141-27
chr8,132794400,132848751,1,141-27
chr8,132867000,140658000,3,141-27
chr8,141175100,145055135,3,141-27
chr9,3248200,6645251,1,141-27
chr9,7461000,14737194,0,141-27
chr9,20448100,26114277,0,141-27
chr9,99916200,107012945,0,141-27
chr10,47900,6755400,1,141-27
chr10,42357400,42831417,4,141-27
chr10,43077384,48985610,1,141-27
chr10,49018500,50991500,5,141-27
chr10,51074300,53802932,1,141-27
chr10,53803035,53806100,1,141-27
chr10,53806400,61760249,1,141-27
chr10,66280482,77781264,1,141-27
chr10,80132600,80245900,1,141-27
chr10,86631300,87790288,1,141-27
chr10,87790600,88582300,0,141-27
chr10,88583000,88605611,0,141-27
chr10,88606593,88743300,0,141-27
chr10,88743500,88851700,0,141-27
chr10,88876600,89438447,1,141-27
chr10,89733000,102877098,1,141-27
chr10,102878500,103349000,0,141-27
chr10,103351100,104032171,1,141-27
chr10,104032967,118686000,1,141-27
chr10,118686500,133689400,1,141-27
chr11,4211488,6211600,0,141-27
chr11,6768000,7987400,0,141-27
chr11,20669800,31783299,0,141-27
chr11,34646800,35618800,0,141-27
chr11,35619100,40399788,1,141-27
chr11,48216750,57182500,0,141-27
chr11,57866874,59126700,0,141-27
chr11,60396000,60507167,1,141-27
chr11,71690459,72408200,1,141-27
chr11,83930541,84025800,1,141-27
chr11,87236755,90282710,0,141-27
chr11,90283295,91628476,1,141-27
chr11,91628817,92761900,1,141-27
chr11,95173300,101042100,0,141-27
chr11,101049844,104000000,0,141-27
chr11,104000311,107176700,0,141-27
chr11,123729700,124619541,0,141-27
chr12,9070700,15962704,0,141-27
chr12,15971120,24832900,0,141-27
chr12,39304800,41599132,0,141-27
chr12,41793062,47236143,0,141-27
chr12,54631900,55611945,0,141-27
chr12,69672900,80239300,0,141-27
chr12,80239558,80588300,1,141-27
chr12,80605138,80622267,0,141-27
chr12,80632200,88054551,1,141-27
chr12,88055500,92819500,0,141-27
chr13,18176100,19150079,3,141-27
chr13,19150355,33127400,3,141-27
chr13,33128800,39682115,3,141-27
chr13,39687500,39790532,1,141-27
chr13,39790700,48347900,1,141-27
chr13,48348987,48381400,0,141-27
chr13,48411303,53051959,1,141-27
chr13,53200366,71866974,1,141-27
chr13,72449300,77642900,1,141-27
chr13,77644174,89363100,1,141-27
chr13,101057998,109208071,0,141-27
chr14,18414200,20306000,0,141-27
chr14,21650300,22281800,0,141-27
chr14,45502929,49374000,1,141-27
chr14,55577330,63453700,0,141-27
chr14,74797800,76022528,1,141-27
chr14,78243100,88483442,0,141-27
chr14,105708291,106874947,0,141-27
chr15,35085100,39254840,0,141-27
chr15,46498496,50183000,0,141-27
chr15,52608532,58788100,0,141-27
chr15,78527500,79322600,1,141-27
chr16,29586,1276700,1,141-27
chr16,1308900,1607349,1,141-27
chr16,1610273,2020567,3,141-27
chr16,2027200,2085200,1,141-27
chr16,2317200,2473700,4,141-27
chr16,2474139,2501100,1,141-27
chr16,2513900,2677820,3,141-27
chr16,24540200,24671075,1,141-27
chr16,31705406,34163000,0,141-27
chr16,34163300,35084500,1,141-27
chr16,35086098,46550517,1,141-27
chr16,53254400,58884182,1,141-27
chr16,59088900,65805600,1,141-27
chr16,65805800,71835827,1,141-27
chr16,72728809,90180000,1,141-27
chr17,6830353,7949492,1,141-27
chr17,51280300,56593400,1,141-27
chr17,64847500,66641300,1,141-27
chr17,68368600,72124400,0,141-27
chr18,1177471,4446500,1,141-27
chr18,28036700,34806117,1,141-27
chr18,54877493,58948259,1,141-27
chr18,63637200,73498791,0,141-27
chr19,917600,1650351,1,141-27
chr19,43837200,44524198,0,141-27
chr19,47045898,47874620,1,141-27
chr20,87500,28564900,1,141-27
chr20,28565300,34112000,3,141-27
chr20,34756100,35144900,1,141-27
chr20,44039302,44118800,1,141-27
chr20,50510400,51009800,4,141-27
chr20,51010300,52972537,3,141-27
chr20,56248700,56914771,1,141-27
chr20,57168700,58071700,4,141-27
chr20,58151053,58450854,3,141-27
chr20,58451129,59841559,3,141-27
chr20,60012800,63993300,3,141-27
chr20,63995000,64292338,1,141-27
chr21,5032100,6561200,4,141-27
chr21,6898500,28872792,1,141-27
chr21,28873215,29351800,3,141-27
chr21,31038200,38575787,3,141-27
chr21,38577450,41498100,0,141-27
chr21,41507900,46664835,4,141-27
chr22,22038600,23064200,0,141-27
chr1,131500,7249400,1,141-57
chr1,9736100,17697900,1,141-57
chr1,17823100,19147000,3,141-57
chr1,19147900,27686900,1,141-57
chr1,27687900,29155000,0,141-57
chr1,29159400,55224053,1,141-57
chr1,59865884,96785400,1,141-57
chr1,96804800,98956800,1,141-57
chr1,99004713,101786674,3,141-57
chr1,101802500,108753300,1,141-57
chr1,108756760,109214000,0,141-57
chr1,109224147,111427097,1,141-57
chr1,115564400,120810600,1,141-57
chr1,120984100,143551305,0,141-57
chr1,143552308,149950400,1,141-57
chr1,149959700,151051200,0,141-57
chr1,151518551,153003353,6,141-57
chr1,153003600,153982800,5,141-57
chr1,153983200,155263100,4,141-57
chr1,155263300,155330544,1,141-57
chr1,155330934,156416800,0,141-57
chr1,156420313,159536100,1,141-57
chr1,159919071,164792700,1,141-57
chr1,176555400,180836750,4,141-57
chr1,201829400,202129642,4,141-57
chr1,202133280,205144467,6,141-57
chr1,205144700,207325700,5,141-57
chr1,216207438,217648974,5,141-57
chr2,38938,3274306,0,141-57
chr2,14639900,20701762,4,141-57
chr2,27058400,30787500,4,141-57
chr2,31692712,32406600,1,141-57
chr2,37037876,39744500,4,141-57
chr2,42682400,42798100,4,141-57
chr2,46822469,47839700,4,141-57
chr2,47905700,50623400,6,141-57
chr2,50623700,54381794,3,141-57
chr2,55206100,62500400,0,141-57
chr2,91684900,91860700,7,141-57
chr2,167259200,171922400,4,141-57
chr2,206605828,211679289,4,141-57
chr3,13419930,16593800,4,141-57
chr3,29281700,32892000,5,141-57
chr3,32892300,33545000,3,141-57
chr3,33551371,47017600,3,141-57
chr3,47019700,48394700,3,141-57
chr3,48404002,49174300,4,141-57
chr3,49510600,56557200,3,141-57
chr3,56558898,58565900,3,141-57
chr3,58566332,67008000,4,141-57
chr3,67008301,77040244,3,141-57
chr3,77040500,85107500,4,141-57
chr3,85726416,97483900,1,141-57
chr3,97532500,99794913,3,141-57
chr3,99795300,115663449,1,141-57
chr3,115663790,156035300,3,141-57
chr3,156111588,160320019,5,141-57
chr3,160343800,164979200,4,141-57
chr3,164979500,170145600,7,141-57
chr3,170147376,170393800,5,141-57
chr3,170419000,174864098,3,141-57
chr3,178671100,180610278,3,141-57
chr3,180610700,185083306,3,141-57
chr3,185083706,186786084,1,141-57
chr3,187042900,188484775,4,141-57
chr3,188524600,195885660,3,141-57
chr4,30007595,35548181,4,141-57
chr4,38891600,40842182,0,141-57
chr4,55125564,57025073,0,141-57
chr4,68945580,72414999,4,141-57
chr4,77011700,78317560,4,141-57
chr4,78318800,79407300,7,141-57
chr4,79407600,80286600,4,141-57
chr4,82401500,83630100,0,141-57
chr4,97184500,99582200,4,141-57
chr4,99583507,100763400,6,141-57
chr4,125316500,127933199,4,141-57
chr4,142331929,146642400,4,141-57
chr4,162033807,166274366,4,141-57
chr4,182324100,184695477,6,141-57
chr4,184697900,186709100,8,141-57
chr4,186709443,188003825,4,141-57
chr5,140417,733737,0,141-57
chr5,2262130,4886400,0,141-57
chr5,33162300,37052659,4,141-57
chr5,37057100,38462800,3,141-57
chr5,38463979,38813000,4,141-57
chr5,68404332,71495183,1,141-57
chr5,80351866,85550268,4,141-57
chr5,134173730,134996500,1,141-57
chr6,142900,33067509,1,141-57
chr6,33313157,35577300,3,141-57
chr6,35642974,41796800,1,141-57
chr6,41797800,43656800,1,141-57
chr6,43666400,48374400,1,141-57
chr6,51753300,52657500,4,141-57
chr6,53127035,73195400,1,141-57
chr6,73195700,73781500,0,141-57
chr6,73781700,76072700,1,141-57
chr6,77263900,80343887,4,141-57
chr6,80344798,143343431,1,141-57
chr6,144853100,153716700,1,141-57
chr6,154010500,158536900,3,141-57
chr6,158572500,170584366,1,141-57
chr7,4451400,6526811,4,141-57
chr7,6536800,7080669,1,141-57
chr7,7178437,12644500,4,141-57
chr7,30686429,34827400,4,141-57
chr7,55691500,65873582,0,141-57
chr7,65948800,66505149,3,141-57
chr7,66505400,77750100,0,141-57
chr7,100894283,100963866,4,141-57
chr7,100964700,103380600,4,141-57
chr7,103389000,105508013,3,141-57
chr7,105508600,105876500,4,141-57
chr7,111122393,117422300,4,141-57
chr7,120273700,128903800,5,141-57
chr7,128904000,142025300,4,141-57
chr7,142027100,145904200,4,141-57
chr7,145994885,150573962,6,141-57
chr7,150603693,156724000,4,141-57
chr7,156724257,158595246,5,141-57
chr7,158620800,159233444,4,141-57
chr8,232977,7451300,0,141-57
chr8,8701998,12738198,0,141-57
chr8,13678929,30831671,0,141-57
chr8,31591100,34477100,0,141-57
chr8,49739788,50704695,5,141-57
chr8,50704900,60741047,4,141-57
chr8,60741330,67154200,5,141-57
chr8,67158625,92014900,6,141-57
chr8,92017377,96385910,9,141-57
chr8,96386496,97644738,7,141-57
chr8,97644976,103652164,6,141-57
chr8,103652600,117173699,6,141-57
chr8,117173900,121617300,10,141-57
chr8,121628600,124003300,5,141-57
chr8,124010512,126971118,7,141-57
chr8,127086300,133102833,10,141-57
chr8,133113438,141967800,6,141-57
chr8,141979081,143608094,7,141-57
chr8,143608232,144537700,6,141-57
chr8,144537900,145055200,5,141-57
chr9,5713900,12775200,3,141-57
chr9,32972800,33135300,4,141-57
chr9,33900111,34343800,4,141-57
chr9,35615800,38623100,4,141-57
chr9,70496186,73649023,5,141-57
chr9,73649307,74744200,5,141-57
chr9,74748000,75147200,3,141-57
chr9,75412831,83955300,4,141-57
chr9,83955600,84340695,5,141-57
chr9,94278800,97483427,4,141-57
chr9,97487153,97922437,6,141-57
chr9,97926900,99306630,4,141-57
chr9,99822700,99866799,0,141-57
chr9,99915250,101687000,3,141-57
chr9,109780723,110580000,4,141-57
chr9,127487600,128061700,4,141-57
chr9,128261616,130136500,0,141-57
chr9,135769023,136668349,4,141-57
chr9,136668693,136954839,5,141-57
chr9,136955500,137088416,7,141-57
chr9,137088483,137103254,5,141-57
chr9,137103590,137242000,4,141-57
chr10,11866700,13438511,0,141-57
chr10,26562400,29602232,4,141-57
chr10,69404400,75382900,3,141-57
chr10,75397786,80432900,4,141-57
chr10,80489352,92291231,1,141-57
chr10,92291500,92848841,0,141-57
chr10,92893500,92952400,0,141-57
chr10,92952500,102023900,1,141-57
chr10,110497804,116856599,1,141-57
chr10,117543900,133689400,1,141-57
chr11,14861300,18336100,4,141-57
chr11,31019500,33161527,4,141-57
chr11,33347344,35618700,3,141-57
chr11,44048169,46397691,4,141-57
chr11,46397861,47296100,5,141-57
chr11,47420600,48096899,0,141-57
chr11,61965500,62909800,4,141-57
chr11,78223500,90223420,4,141-57
chr12,7606900,8014400,0,141-57
chr12,9862800,13608549,3,141-57
chr12,39294353,39760300,4,141-57
chr12,50109299,51360586,0,141-57
chr12,69569200,72542473,4,141-57
chr12,72562121,86028333,0,141-57
chr12,108196000,111470600,3,141-57
chr12,117855435,118201400,4,141-57
chr12,121033585,123835500,0,141-57
chr13,18176100,20333860,0,141-57
chr13,20403867,20991400,4,141-57
chr13,21045600,21704461,0,141-57
chr13,22034070,99015500,1,141-57
chr13,99015700,99243988,3,141-57
chr13,99244500,104797100,3,141-57
chr14,18414100,19666574,1,141-57
chr14,21918550,22526784,4,141-57
chr14,63017000,64208684,4,141-57
chr14,71108900,72518500,4,141-57
chr14,85389500,88839500,5,141-57
chr15,19881200,33151473,1,141-57
chr15,33871200,40997700,1,141-57
chr15,41005500,41501700,0,141-57
chr15,41501978,93301300,1,141-57
chr15,99276715,101887200,1,141-57
chr16,4461751,7708928,3,141-57
chr16,16190408,20322900,5,141-57
chr16,20323000,21317100,4,141-57
chr16,48808400,66379292,0,141-57
chr16,69448200,90180000,0,141-57
chr17,137500,2502265,0,141-57
chr17,2585400,3467500,1,141-57
chr17,3469200,4449087,0,141-57
chr17,4449370,5518000,1,141-57
chr17,5521056,14349400,0,141-57
chr17,16026500,16617200,4,141-57
chr17,29267600,39534500,0,141-57
chr17,40164025,40418076,0,141-57
chr17,40443600,41571900,0,141-57
chr17,41582400,45132360,0,141-57
chr17,69201500,70176300,5,141-57
chr17,75393800,79115650,4,141-57
chr18,22586983,27446219,6,141-57
chr18,49257100,80247160,1,141-57
chr19,263400,8865399,0,141-57
chr19,9083273,11549197,0,141-57
chr19,11549700,12644000,0,141-57
chr19,12646500,34933626,0,141-57
chr19,35788500,36577500,0,141-57
chr19,36607553,40763171,4,141-57
chr19,40763383,41025582,5,141-57
chr19,41026034,41626899,4,141-57
chr19,41640600,48190300,0,141-57
chr19,48190671,48713974,1,141-57
chr19,48714500,49290771,0,141-57
chr19,49293300,49448000,0,141-57
chr19,49449300,51716928,3,141-57
chr19,52277200,54096049,0,141-57
chr20,5756997,6779300,4,141-57
chr20,56631345,56639395,4,141-57
chr20,56850020,58309130,6,141-57
chr20,58309400,60478000,4,141-57
chr21,24651100,27143200,4,141-57
chr21,39175384,41323035,3,141-57
chr22,28987100,29668400,3,141-57
chr22,45823100,48693400,3,141-57
chr1,23961905,23970100,0,141-6
chr1,52237400,52239200,0,141-6
chr1,56696200,70884091,0,141-6
chr1,70886300,75724883,0,141-6
chr1,75728306,84671200,0,141-6
chr1,87103400,87109800,0,141-6
chr1,88828904,90918500,1,141-6
chr1,90937500,91267896,0,141-6
chr1,100484304,100878400,0,141-6
chr1,100888923,101256290,1,141-6
chr1,101271279,101806100,0,141-6
chr1,101813000,107757187,1,141-6
chr1,117156700,117493228,1,141-6
chr1,117496644,117528859,0,141-6
chr1,117622760,119619819,0,141-6
chr1,158181800,159781314,0,141-6
chr1,169168789,173488459,0,141-6
chr1,185281000,186323971,0,141-6
chr1,186325876,186339700,0,141-6
chr1,186341000,197088400,0,141-6
chr1,197089900,197122600,0,141-6
chr1,197124100,198731838,0,141-6
chr1,198732300,198752665,0,141-6
chr1,198754304,200039800,1,141-6
chr1,214638000,219611194,0,141-6
chr1,236764500,241628800,0,141-6
chr1,241629260,241639900,0,141-6
chr1,248914700,248919900,3,141-6
chr2,21137700,21143282,0,141-6
chr2,23748914,23798361,0,141-6
chr2,43943600,43948400,0,141-6
chr2,48671800,50620000,1,141-6
chr2,50623202,50979400,0,141-6
chr2,50979466,53604868,1,141-6
chr2,55010200,55050576,0,141-6
chr2,60451400,62512000,3,141-6
chr2,75368370,84669504,0,141-6
chr2,127300390,127308800,0,141-6
chr2,135985400,148502400,0,141-6
chr2,156582800,156594200,0,141-6
chr2,161501200,165994300,0,141-6
chr2,165996100,166036278,0,141-6
chr2,166036571,169168482,0,141-6
chr2,176296900,176337900,0,141-6
chr2,177521300,178547725,0,141-6
chr2,178548100,178740400,0,141-6
chr2,178740900,178752000,0,141-6
chr2,178753200,183607983,0,141-6
chr2,184248251,185965600,0,141-6
chr2,186270200,188993500,0,141-6
chr2,188994000,189009289,3,141-6
chr2,189010200,189459400,1,141-6
chr2,189459549,189470100,0,141-6
chr2,189470696,195582500,0,141-6
chr2,196199434,196217105,0,141-6
chr2,202201325,203411200,4,141-6
chr2,208571876,215312600,0,141-6
chr3,169400,4467254,1,141-6
chr3,17184834,28253800,0,141-6
chr3,28263300,28336900,0,141-6
chr3,28337900,29739900,1,141-6
chr3,29762809,30005073,0,141-6
chr3,30276400,31622400,1,141-6
chr3,33869700,35721993,0,141-6
chr3,57169205,58094763,4,141-6
chr3,58655400,75730600,0,141-6
chr3,75732047,98498500,0,141-6
chr3,98500800,121690700,0,141-6
chr3,121691048,121702500,0,141-6
chr3,121714800,122121016,1,141-6
chr3,141571000,142560300,3,141-6
chr3,142561266,142949870,3,141-6
chr3,142950061,143060500,1,141-6
chr3,161325200,165015200,0,141-6
chr3,165015933,165033600,0,141-6
chr3,165036294,167695800,0,141-6
chr3,172815700,174286400,0,141-6
chr3,174377500,175755500,1,141-6
chr3,175802948,179241571,0,141-6
chr3,188711923,190853534,0,141-6
chr3,190853900,190858804,0,141-6
chr3,190859974,193614778,0,141-6
chr4,8607328,25030500,0,141-6
chr4,25120200,25127400,0,141-6
chr4,25145000,37588800,0,141-6
chr4,42408900,42586564,1,141-6
chr4,42588200,44678969,1,141-6
chr4,44680448,44691800,0,141-6
chr4,44694500,44701054,1,141-6
chr4,44701900,47595637,0,141-6
chr4,57368134,65217352,0,141-6
chr4,65256486,65414495,0,141-6
chr4,65420340,69599435,0,141-6
chr4,69639100,69733355,0,141-6
chr4,69733563,70410300,0,141-6
chr4,78914100,78923975,0,141-6
chr4,78926700,81204600,1,141-6
chr4,89909367,100190244,0,141-6
chr4,100410339,100763400,0,141-6
chr4,101023248,102784682,0,141-6
chr4,102794468,102801700,0,141-6
chr4,102802500,104088100,0,141-6
chr4,104468400,104472300,0,141-6
chr4,104490800,182673300,0,141-6
chr5,17491400,31297500,0,141-6
chr5,34998450,37008849,0,141-6
chr5,37010302,38925153,3,141-6
chr5,38925432,42719100,0,141-6
chr5,43677600,50411100,0,141-6
chr5,50411400,50835100,1,141-6
chr5,50842100,50846571,0,141-6
chr5,51358315,53086918,0,141-6
chr5,82318400,83057111,0,141-6
chr5,83061846,97037400,0,141-6
chr5,100816700,102201000,0,141-6
chr5,102234200,111097300,0,141-6
chr5,111098750,111113077,0,141-6
chr5,111118983,112837797,0,141-6
chr5,112838200,112846200,0,141-6
chr5,115520900,115525685,0,141-6
chr5,115543100,131009505,0,141-6
chr5,146701200,148065561,1,141-6
chr5,148070400,148101822,0,141-6
chr5,148104877,148548800,0,141-6
chr5,160684941,162717669,0,141-6
chr6,46139500,46161200,0,141-6
chr6,46161600,46906800,1,141-6
chr6,46997849,46999556,0,141-6
chr6,47000041,47795524,1,141-6
chr6,47808228,47879900,0,141-6
chr6,47899624,54210840,0,141-6
chr6,54215300,56601700,0,141-6
chr6,56602112,56609300,0,141-6
chr6,56610404,70190300,0,141-6
chr6,70199700,83113400,0,141-6
chr6,83118800,83140330,0,141-6
chr6,83142100,87284854,0,141-6
chr6,90116800,90544700,0,141-6
chr6,90547215,91521500,1,141-6
chr6,91646837,96967000,0,141-6
chr6,99942900,102055600,0,141-6
chr6,102064142,102070000,0,141-6
chr6,102191800,104730521,0,141-6
chr6,112079488,127197785,0,141-6
chr6,127280200,127316600,0,141-6
chr6,127319100,129491821,1,141-6
chr6,144846877,147508937,0,141-6
chr7,11040800,11379200,0,141-6
chr7,11379516,17346058,0,141-6
chr7,17793051,17803600,0,141-6
chr7,17814900,19773715,0,141-6
chr7,48244600,48276035,0,141-6
chr7,80818300,87349200,0,141-6
chr7,87770572,87842200,0,141-6
chr7,87843700,88795073,1,141-6
chr7,88802502,89336800,0,141-6
chr7,92609830,97740500,0,141-6
chr7,106126900,106263600,0,141-6
chr7,108568700,113784349,1,141-6
chr7,113877000,113918895,0,141-6
chr7,113919125,127594500,0,141-6
chr7,137014900,137020269,0,141-6
chr8,13499003,17301800,0,141-6
chr8,74364400,78598600,0,141-6
chr8,78601800,78605342,0,141-6
chr8,78654424,80526075,1,141-6
chr8,86574100,92541422,0,141-6
chr8,92883600,92892000,0,141-6
chr8,92916900,93646200,0,141-6
chr8,103659800,119418100,0,141-6
chr9,2047400,32467900,0,141-6
chr9,72245100,74762850,1,141-6
chr9,99218085,107283800,0,141-6
chr10,50265275,62807353,0,141-6
chr10,67797000,69265789,4,141-6
chr10,84371247,84393400,0,141-6
chr10,87863700,91799000,0,141-6
chr10,96518310,96528182,0,141-6
chr10,118005100,118046600,0,141-6
chr11,4367300,7998243,0,141-6
chr11,20656861,26537600,0,141-6
chr11,26542105,26567258,0,141-6
chr11,26656320,27119700,0,141-6
chr11,48352192,57019000,0,141-6
chr11,57804900,60523800,0,141-6
chr11,78726100,83874542,0,141-6
chr11,83930541,84025777,0,141-6
chr11,87071686,90728538,0,141-6
chr11,90869100,91803597,0,141-6
chr11,91812000,92800978,0,141-6
chr11,95182000,95780044,0,141-6
chr11,95829381,95844986,0,141-6
chr11,95845263,100271031,1,141-6
chr11,100297678,100358770,0,141-6
chr11,100666500,103177800,0,141-6
chr11,103179200,107505300,0,141-6
chr12,9099500,24583988,0,141-6
chr12,33308600,46820346,0,141-6
chr12,67305900,67525776,0,141-6
chr12,70278300,70342300,0,141-6
chr12,71941700,92779336,0,141-6
chr13,23329200,23340900,0,141-6
chr13,32688600,44313870,0,141-6
chr13,46775532,46791300,0,141-6
chr13,53042100,84529000,0,141-6
chr13,84529292,86032953,0,141-6
chr13,86275223,94398600,0,141-6
chr13,101292216,108208600,0,141-6
chr13,108209000,108306800,0,141-6
chr13,108548200,109140622,1,141-6
chr14,22123600,22508684,4,141-6
chr14,30889549,31565100,4,141-6
chr14,45502929,49600200,0,141-6
chr14,59331800,60289862,0,141-6
chr14,60291400,60471709,0,141-6
chr14,60478300,61485711,1,141-6
chr14,100911100,100951945,0,141-6
chr15,21497600,22095200,0,141-6
chr15,35371100,39581994,0,141-6
chr15,45691100,50182341,0,141-6
chr15,61983886,62008800,3,141-6
chr15,62010500,62035113,0,141-6
chr16,34266100,34595500,0,141-6
chr18,26916300,31413851,0,141-6
chr18,32513233,35366794,0,141-6
chr18,63604400,74149052,0,141-6
chr19,8927673,8978200,0,141-6
chr19,23385809,23492759,0,141-6
chr20,7981717,17436900,0,141-6
chr20,59836357,59944500,0,141-6
chr21,10605733,25382280,0,141-6
chr1,70666600,75724884,0,141-88
chr1,75728300,84412600,1,141-88
chr1,100468100,101256395,1,141-88
chr1,101443653,101825100,0,141-88
chr1,101825300,107430800,0,141-88
chr1,117466500,117528815,0,141-88
chr1,157354433,159000146,1,141-88
chr1,185280857,198728467,0,141-88
chr1,198729100,199871100,0,141-88
chr1,214401600,219611200,1,141-88
chr2,21137400,21143280,0,141-88
chr2,48988838,50898700,1,141-88
chr2,50916757,50926019,0,141-88
chr2,50979300,53562100,1,141-88
chr2,75198600,84658300,1,141-88
chr2,111767696,137115300,1,141-88
chr2,137160400,139669250,0,141-88
chr2,139669800,140269500,0,141-88
chr2,140270400,148509976,0,141-88
chr2,148513000,152718791,1,141-88
chr2,152719215,158603300,0,141-88
chr2,158621122,161340900,1,141-88
chr2,161366737,165953908,0,141-88
chr2,165989293,166015800,0,141-88
chr2,166036278,169154700,0,141-88
chr2,169156454,174461530,1,141-88
chr2,178545900,178756776,1,141-88
chr2,185546041,186270200,0,141-88
chr2,186486122,188990200,0,141-88
chr2,191998176,192798402,0,141-88
chr2,202278033,206281756,3,141-88
chr2,208957401,214980600,0,141-88
chr3,8635978,16295200,3,141-88
chr3,28319188,28332264,0,141-88
chr3,28332500,33869600,3,141-88
chr3,34286140,35717500,0,141-88
chr3,35721812,40209791,3,141-88
chr3,40210100,58431000,3,141-88
chr3,71781660,73569238,1,141-88
chr3,73569354,98562505,0,141-88
chr3,98579403,111567753,1,141-88
chr3,113250002,130199900,3,141-88
chr3,133766200,136336183,5,141-88
chr3,136336617,139627800,9,141-88
chr3,139935400,142785000,3,141-88
chr3,142791000,145685700,3,141-88
chr3,145686259,146079200,0,141-88
chr3,146081665,173604487,1,141-88
chr3,173605000,174286400,0,141-88
chr3,174377398,182842100,1,141-88
chr3,188885055,193615700,1,141-88
chr3,193617202,198153300,3,141-88
chr4,42893698,46124037,0,141-88
chr4,46248588,46261658,0,141-88
chr4,46262100,47547511,0,141-88
chr4,57072861,75522060,1,141-88
chr4,75522400,78833800,1,141-88
chr4,78842400,81204967,1,141-88
chr4,81205100,108663200,1,141-88
chr4,182600900,187220000,3,141-88
chr5,17275200,37008800,1,141-88
chr5,43677700,50411500,1,141-88
chr5,50428300,50835084,1,141-88
chr5,50842100,50846571,0,141-88
chr5,51358508,57249500,1,141-88
chr5,57251100,69100936,1,141-88
chr5,69103100,75169200,1,141-88
chr5,82387300,111097286,1,141-88
chr5,111098609,111118983,0,141-88
chr6,410100,9705406,1,141-88
chr6,46102000,46145709,0,141-88
chr6,49636700,53924100,1,141-88
chr6,53930000,70209894,0,141-88
chr6,70215200,77574067,1,141-88
chr6,84226406,89951500,1,141-88
chr6,89951700,96554494,0,141-88
chr6,96554700,100510200,1,141-88
chr6,100512629,101928600,0,141-88
chr6,102035500,104017800,0,141-88
chr6,104017992,104728376,0,141-88
chr6,104728653,144821100,1,141-88
chr6,144827200,147408579,0,141-88
chr6,147408900,151746000,1,141-88
chr7,8647366,19773622,0,141-88
chr7,80922313,87199100,0,141-88
chr7,87777900,87843900,0,141-88
chr7,93443835,93778800,0,141-88
chr7,112819300,115974200,1,141-88
chr7,127386200,153722392,3,141-88
chr8,232866,11920683,1,141-88
chr8,11974000,13401500,0,141-88
chr8,13499112,17302303,0,141-88
chr8,17304400,40155165,0,141-88
chr8,86643812,92404081,0,141-88
chr8,92541422,93135650,0,141-88
chr8,93166607,95246200,3,141-88
chr8,95246500,100165800,1,141-88
chr8,103500900,119601582,1,141-88
chr8,130361700,140208970,1,141-88
chr9,38993200,76023800,1,141-88
chr9,121370400,127318300,1,141-88
chr9,130172700,138052100,1,141-88
chr10,47317,7807725,1,141-88
chr10,36527700,42711252,1,141-88
chr10,42726000,49842069,3,141-88
chr10,62388300,73523701,3,141-88
chr10,73526700,80082386,5,141-88
chr10,80090300,87521282,1,141-88
chr10,87552000,89225300,1,141-88
chr10,89226900,113167600,1,141-88
chr10,113167800,114300112,1,141-88
chr10,114300628,133689400,1,141-88
chr11,14520326,14803900,1,141-88
chr11,16825898,20656300,3,141-88
chr11,48227700,57302100,0,141-88
chr11,57814400,59457265,0,141-88
chr11,83930500,84025777,0,141-88
chr11,87025756,90728538,0,141-88
chr11,90869100,91628476,0,141-88
chr11,95182100,95786031,0,141-88
chr11,95831095,95841400,0,141-88
chr11,95841700,107522600,1,141-88
chr12,99100,3845572,5,141-88
chr12,3845900,4567893,20,141-88
chr12,4588800,5046000,19,141-88
chr12,39618700,40364850,1,141-88
chr12,40365100,40369194,0,141-88
chr12,40393500,42098200,0,141-88
chr12,42106000,47486000,1,141-88
chr12,71893379,89349600,0,141-88
chr13,17742900,46751565,1,141-88
chr13,46771452,46791489,0,141-88
chr13,46833647,53034497,1,141-88
chr13,53042000,71475300,0,141-88
chr13,71475800,77610100,1,141-88
chr13,77610300,94286544,0,141-88
chr13,94306182,101378800,1,141-88
chr13,101395300,109140600,0,141-88
chr13,109140829,114327300,1,141-88
chr14,16028200,106875057,1,141-88
chr15,56009000,61977100,1,141-88
chr15,71933700,101887127,1,141-88
chr16,46987,59200,1,141-88
chr16,59300,34595500,1,141-88
chr16,35082140,35722500,3,141-88
chr16,35904456,90179900,0,141-88
chr17,6861908,8448500,1,141-88
chr17,8730200,14027546,1,141-88
chr17,15001800,17423447,1,141-88
chr17,43641900,44883000,1,141-88
chr17,69536247,74617560,1,141-88
chr17,76332495,81104741,1,141-88
chr18,47800,196800,1,141-88
chr18,196900,24461000,1,141-88
chr18,24468857,80247200,0,141-88
chr19,1376500,3771700,1,141-88
chr19,4558400,8144930,1,141-88
chr19,8146000,8768300,1,141-88
chr19,8774600,9008900,0,141-88
chr19,9083237,10417962,1,141-88
chr19,10420688,15167081,1,141-88
chr19,15167400,15185600,1,141-88
chr21,9588600,25382280,1,141-88
chr22,10703700,50777958,1,141-88
chr1,62586700,62619000,0,915-1115081
chr1,62620018,65578330,0,915-1115081
chr1,65592830,65601600,0,915-1115081
chr1,68476933,68484000,0,915-1115081
chr1,68487033,78493595,0,915-1115081
chr1,78497979,78936242,0,915-1115081
chr1,78937759,81723071,1,915-1115081
chr1,81836915,83933800,0,915-1115081
chr1,83937900,86553359,0,915-1115081
chr1,86559746,86580219,0,915-1115081
chr1,90937600,90941100,0,915-1115081
chr1,90941400,91347500,1,915-1115081
chr1,100499440,100877929,0,915-1115081
chr1,114878284,115034354,0,915-1115081
chr1,115050500,121395800,0,915-1115081
chr1,121502900,125088200,0,915-1115081
chr1,143420100,143572849,1,915-1115081
chr1,143595337,143599300,0,915-1115081
chr1,143599926,149790200,0,915-1115081
chr1,156736030,158466561,0,915-1115081
chr1,158479959,158537394,0,915-1115081
chr1,158547045,158939374,0,915-1115081
chr1,158942200,158976800,0,915-1115081
chr1,159000300,169613100,0,915-1115081
chr1,169613514,169726843,0,915-1115081
chr1,185290800,186132400,0,915-1115081
chr1,186136600,186327700,1,915-1115081
chr1,186331500,186338300,0,915-1115081
chr1,186339800,192160500,1,915-1115081
chr1,192181400,192579331,0,915-1115081
chr1,192644400,197088500,0,915-1115081
chr1,197089800,197122500,0,915-1115081
chr1,197124100,198729100,1,915-1115081
chr1,198731558,199387355,0,915-1115081
chr1,215595500,215628714,0,915-1115081
chr1,215629059,219610100,0,915-1115081
chr2,31918000,37817900,4,915-1115081
chr2,37950489,37974198,0,915-1115081
chr2,55010231,55175900,0,915-1115081
chr2,55177658,66439900,4,915-1115081
chr2,66443000,68043000,0,915-1115081
chr2,68046027,71149869,3,915-1115081
chr2,71154927,95876500,0,915-1115081
chr2,95884225,95980700,0,915-1115081
chr2,97090000,97585300,0,915-1115081
chr2,108006300,108265400,0,915-1115081
chr2,108293600,108758600,3,915-1115081
chr2,108760100,108767600,0,915-1115081
chr2,137231056,156557500,0,915-1115081
chr2,156568719,156571338,0,915-1115081
chr2,156579000,161048743,0,915-1115081
chr2,161179600,161423400,1,915-1115081
chr2,161500900,161504900,0,915-1115081
chr2,161505239,162143997,0,915-1115081
chr2,162144290,162189052,0,915-1115081
chr2,162194700,162356430,0,915-1115081
chr2,162356700,162537100,0,915-1115081
chr2,162836600,165297100,0,915-1115081
chr2,165307900,165315807,0,915-1115081
chr2,165323140,167242800,0,915-1115081
chr2,167242990,167259300,0,915-1115081
chr2,176296749,176601144,0,915-1115081
chr2,176626800,178550073,1,915-1115081
chr2,178551100,178571160,0,915-1115081
chr2,178571293,178586700,0,915-1115081
chr2,178587000,178614600,0,915-1115081
chr2,178615300,178625500,0,915-1115081
chr2,178629300,178653300,0,915-1115081
chr2,178654133,178682900,0,915-1115081
chr2,178684100,178741811,0,915-1115081
chr2,178745750,178758046,0,915-1115081
chr2,178759100,184939073,0,915-1115081
chr2,185547183,186261600,0,915-1115081
chr2,186495200,189462500,1,915-1115081
chr2,189462700,189470200,0,915-1115081
chr2,189470900,189667688,1,915-1115081
chr2,189667900,189930809,3,915-1115081
chr2,190057400,190244722,0,915-1115081
chr2,200532924,200574000,0,915-1115081
chr2,201729000,203706742,4,915-1115081
chr2,206304756,206310600,0,915-1115081
chr2,210582500,210637600,0,915-1115081
chr2,224794800,224808100,0,915-1115081
chr2,237813600,237829600,0,915-1115081
chr3,319810,1227996,0,915-1115081
chr3,1228079,1906090,0,915-1115081
chr3,40761700,41227400,0,915-1115081
chr3,47001896,49421500,3,915-1115081
chr3,58509100,65357100,0,915-1115081
chr3,65358900,65365344,0,915-1115081
chr3,65375708,105520043,0,915-1115081
chr3,105524545,105552446,0,915-1115081
chr3,105572003,112199368,0,915-1115081
chr3,112199500,112217360,0,915-1115081
chr3,112217644,121694100,0,915-1115081
chr3,121694329,121702654,0,915-1115081
chr3,121715000,136040900,0,915-1115081
chr3,136049390,143001600,3,915-1115081
chr3,143010800,149961100,0,915-1115081
chr3,149961200,149968581,0,915-1115081
chr3,149982417,170953888,0,915-1115081
chr3,170998000,171010100,0,915-1115081
chr3,172815600,179234400,0,915-1115081
chr4,38796864,40808300,4,915-1115081
chr4,40816153,49237989,0,915-1115081
chr4,49245150,49506000,0,915-1115081
chr4,64300131,65420370,0,915-1115081
chr4,65420596,68479015,0,915-1115081
chr4,68496500,69126400,0,915-1115081
chr4,69147591,69419027,0,915-1115081
chr4,69419193,70200532,0,915-1115081
chr4,70201482,70362085,0,915-1115081
chr4,89909300,90309600,0,915-1115081
chr4,90313000,106171276,0,915-1115081
chr4,106193700,106252000,0,915-1115081
chr4,110510129,110561600,0,915-1115081
chr4,110618100,117575957,0,915-1115081
chr4,118053900,118193600,0,915-1115081
chr4,118193800,125434200,0,915-1115081
chr4,125434516,125450800,0,915-1115081
chr4,141224390,142193300,0,915-1115081
chr4,142208500,151719400,0,915-1115081
chr4,151758664,152411800,0,915-1115081
chr4,152551521,157321522,0,915-1115081
chr4,157321700,158155800,0,915-1115081
chr5,38945500,38964900,0,915-1115081
chr5,38966600,53051500,0,915-1115081
chr5,53055700,53101615,0,915-1115081
chr5,68855165,71632029,5,915-1115081
chr5,71632256,110748269,0,915-1115081
chr5,110755400,110950800,0,915-1115081
chr5,110983700,111098906,1,915-1115081
chr5,111100751,111376966,0,915-1115081
chr5,112838400,112861472,0,915-1115081
chr5,119133600,119150437,0,915-1115081
chr5,119152100,123350100,0,915-1115081
chr5,123364500,123385229,0,915-1115081
chr5,132861601,141433172,3,915-1115081
chr5,146122600,146130200,0,915-1115081
chr5,147922621,148101455,0,915-1115081
chr6,44422500,56597994,0,915-1115081
chr6,56598500,56609000,0,915-1115081
chr6,56609374,69233500,1,915-1115081
chr6,69234900,69719000,0,915-1115081
chr6,69741900,83113300,0,915-1115081
chr6,83118800,83140500,0,915-1115081
chr6,87255200,87299053,0,915-1115081
chr6,96536300,96553400,0,915-1115081
chr6,96603717,127316600,0,915-1115081
chr6,127577160,136249000,0,915-1115081
chr6,136261100,136279800,0,915-1115081
chr6,144846877,146029400,0,915-1115081
chr6,146029700,147359400,1,915-1115081
chr7,5063700,5065577,0,915-1115081
chr7,5072899,6602000,4,915-1115081
chr7,6602276,23762900,0,915-1115081
chr7,23762960,23815098,0,915-1115081
chr7,54935200,54938200,0,915-1115081
chr7,64977007,64982170,0,915-1115081
chr7,65619159,78521500,3,915-1115081
chr7,78521700,93106000,0,915-1115081
chr7,93131189,93134600,0,915-1115081
chr7,93134900,96184476,0,915-1115081
chr7,96185000,108207588,3,915-1115081
chr7,108207700,113084092,1,915-1115081
chr7,113084470,114571000,0,915-1115081
chr7,114628738,121128559,1,915-1115081
chr7,121130100,121271583,0,915-1115081
chr7,121295537,121984200,3,915-1115081
chr7,121996509,128310672,0,915-1115081
chr8,24320300,24343200,0,915-1115081
chr8,30842654,30848708,0,915-1115081
chr8,43297149,43342400,0,915-1115081
chr8,72036353,72047300,0,915-1115081
chr8,102289708,102314800,0,915-1115081
chr8,104497000,119416500,0,915-1115081
chr8,132778000,132845900,0,915-1115081
chr9,14889,22447600,0,915-1115081
chr9,22451032,23765200,0,915-1115081
chr9,74985100,75000000,0,915-1115081
chr9,137814300,138177366,1,915-1115081
chr10,31361300,31814419,0,915-1115081
chr10,35565900,62741300,0,915-1115081
chr10,67663568,69207951,4,915-1115081
chr10,96156800,96160600,0,915-1115081
chr11,86900,1101779,3,915-1115081
chr11,1102571,32928000,0,915-1115081
chr11,32931700,32953787,0,915-1115081
chr11,45953500,48325091,3,915-1115081
chr11,48325444,49784116,0,915-1115081
chr11,49808600,49981900,0,915-1115081
chr11,49982200,56137700,0,915-1115081
chr11,56159523,56253219,0,915-1115081
chr11,56275550,56361048,1,915-1115081
chr11,56375680,56470490,0,915-1115081
chr11,56479670,62297700,0,915-1115081
chr11,87096300,95178800,0,915-1115081
chr11,95184600,95780023,0,915-1115081
chr11,95783100,107353777,0,915-1115081
chr12,9072900,21462730,0,915-1115081
chr12,21467500,21475402,0,915-1115081
chr12,21475857,21895400,0,915-1115081
chr12,21906000,21934000,0,915-1115081
chr12,22008590,46204500,0,915-1115081
chr12,46206000,46793200,0,915-1115081
chr12,46904692,48149300,0,915-1115081
chr12,55426337,55552000,0,915-1115081
chr12,58882900,61879900,0,915-1115081
chr12,61880063,69593500,3,915-1115081
chr12,69800300,70338800,0,915-1115081
chr12,70342100,75495700,0,915-1115081
chr12,75498900,75508499,0,915-1115081
chr12,78140400,92779300,0,915-1115081
chr13,23330100,23340300,0,915-1115081
chr13,31137100,31154800,0,915-1115081
chr13,33835105,39680000,0,915-1115081
chr13,39682115,39750900,0,915-1115081
chr13,40559600,41615000,3,915-1115081
chr13,41671100,41761300,0,915-1115081
chr13,42297300,42302300,0,915-1115081
chr13,85794100,85796600,0,915-1115081
chr13,108209000,108306800,0,915-1115081
chr14,32090700,32093600,0,915-1115081
chr14,32093961,36055200,4,915-1115081
chr14,36299071,36316900,0,915-1115081
chr14,44507038,44865035,0,915-1115081
chr14,85623600,87968564,0,915-1115081
chr15,24985255,27328788,0,915-1115081
chr15,49371208,49508421,0,915-1115081
chr15,70936900,71049700,0,915-1115081
chr15,97966100,97971302,0,915-1115081
chr16,34266200,35095100,0,915-1115081
chr17,58574200,62667579,4,915-1115081
chr18,9254400,9259000,0,915-1115081
chr18,63597506,63643700,0,915-1115081
chr18,63655615,70166044,0,915-1115081
chr19,110700,425224,1,915-1115081
chr19,430700,12383795,3,915-1115081
chr19,12390500,12433100,0,915-1115081
chr19,12440857,20473213,3,915-1115081
chr19,20478266,32464081,0,915-1115081
chr19,42560800,44699258,0,915-1115081
chr19,44703425,50702513,3,915-1115081
chr20,87564,188108,0,915-1115081
chr20,14127600,14547238,0,915-1115081
chr20,34408700,37210188,4,915-1115081
chr21,5141000,14758289,0,915-1115081
chr21,14964800,15811010,0,915-1115081
chr21,29537200,29581600,0,915-1115081
chr1,12793100,13420800,1,915-1115090
chr1,39331500,39335027,0,915-1115090
chr1,55057900,78493598,1,915-1115090
chr1,78497900,78926900,0,915-1115090
chr1,78936268,81970500,3,915-1115090
chr1,81970550,83933802,0,915-1115090
chr1,83937900,84197800,3,915-1115090
chr1,84202600,86563700,0,915-1115090
chr1,86565500,86642600,0,915-1115090
chr1,86715900,100539869,1,915-1115090
chr1,100652000,100738142,0,915-1115090
chr1,100738300,108898900,0,915-1115090
chr1,114878257,115034200,0,915-1115090
chr1,115050500,117090049,3,915-1115090
chr1,117090548,120452371,0,915-1115090
chr1,120453500,120489893,0,915-1115090
chr1,120816100,145673800,0,915-1115090
chr1,146977000,146994292,0,915-1115090
chr1,147938690,148116500,0,915-1115090
chr1,148118500,148458700,3,915-1115090
chr1,148459600,148585100,0,915-1115090
chr1,148586500,149790200,1,915-1115090
chr1,149791362,152078300,5,915-1115090
chr1,152084910,152088200,0,915-1115090
chr1,152107300,152315500,5,915-1115090
chr1,152350700,152356893,0,915-1115090
chr1,152357282,154029900,3,915-1115090
chr1,155478300,155482494,0,915-1115090
chr1,158399420,158766278,0,915-1115090
chr1,158766655,161362400,1,915-1115090
chr1,161364868,161366528,0,915-1115090
chr1,168002608,168045200,0,915-1115090
chr1,169376556,169711500,0,915-1115090
chr1,170730237,171515800,0,915-1115090
chr1,171517773,173733900,1,915-1115090
chr1,178142000,178454600,0,915-1115090
chr1,178456745,183228693,3,915-1115090
chr1,183230900,185222100,0,915-1115090
chr1,185226821,186189975,0,915-1115090
chr1,186320400,186338200,0,915-1115090
chr1,186339700,197090900,0,915-1115090
chr1,197091846,197122407,0,915-1115090
chr1,197427600,197690133,0,915-1115090
chr1,198728467,199388458,0,915-1115090
chr1,202728900,202736200,0,915-1115090
chr1,202740700,203774300,3,915-1115090
chr1,203774525,205810500,4,915-1115090
chr1,213232200,213242600,0,915-1115090
chr1,213261500,217631500,0,915-1115090
chr1,232471304,232515300,0,915-1115090
chr1,232805100,235802923,3,915-1115090
chr1,235804500,235978068,0,915-1115090
chr1,243426594,244705768,5,915-1115090
chr1,244842200,244858800,0,915-1115090
chr1,244859251,247184300,3,915-1115090
chr1,247184600,247936700,1,915-1115090
chr1,247949000,248362600,0,915-1115090
chr1,248387675,248937000,1,915-1115090
chr2,41720,15946154,3,915-1115090
chr2,16553016,17386100,0,915-1115090
chr2,21001800,21014980,0,915-1115090
chr2,27576622,27580412,0,915-1115090
chr2,37277754,37316583,9,915-1115090
chr2,40139500,41820701,0,915-1115090
chr2,41850400,63313200,3,915-1115090
chr2,63378400,63595400,0,915-1115090
chr2,73422800,73451900,0,915-1115090
chr2,77518400,79651500,0,915-1115090
chr2,89170900,89213947,0,915-1115090
chr2,89221820,89969293,1,915-1115090
chr2,89969421,90011000,0,915-1115090
chr2,94798832,94853700,0,915-1115090
chr2,95542689,95962500,0,915-1115090
chr2,97118300,97647247,0,915-1115090
chr2,97647400,102235248,3,915-1115090
chr2,102239105,102349000,0,915-1115090
chr2,102349300,102411948,3,915-1115090
chr2,102423124,102445316,0,915-1115090
chr2,102446909,107992900,3,915-1115090
chr2,107997800,108378352,0,915-1115090
chr2,108378500,108472100,1,915-1115090
chr2,108472137,108760067,4,915-1115090
chr2,108762123,108768500,0,915-1115090
chr2,113951600,115782476,0,915-1115090
chr2,115791099,117814700,5,915-1115090
chr2,117817576,117939100,0,915-1115090
chr2,133213750,134428400,0,915-1115090
chr2,137094900,148502500,0,915-1115090
chr2,151650200,151855300,0,915-1115090
chr2,159872494,159951564,0,915-1115090
chr2,161500900,167259400,0,915-1115090
chr2,167713751,168864800,1,915-1115090
chr2,168871400,169157400,0,915-1115090
chr2,169162611,169487100,0,915-1115090
chr2,176242545,176805175,0,915-1115090
chr2,178501100,178764700,0,915-1115090
chr2,178766487,178771500,3,915-1115090
chr2,178773200,178780237,0,915-1115090
chr2,178781100,184866318,1,915-1115090
chr2,184866571,186261600,0,915-1115090
chr2,186761200,189463600,0,915-1115090
chr2,189464000,189474757,0,915-1115090
chr2,189475400,189930700,3,915-1115090
chr2,190057400,190200027,0,915-1115090
chr2,197766600,198146981,0,915-1115090
chr2,199272124,206297400,3,915-1115090
chr2,206304852,206310000,0,915-1115090
chr2,208351400,214970260,0,915-1115090
chr2,224794800,224808000,0,915-1115090
chr2,237813600,237911705,0,915-1115090
chr3,319825,2571500,0,915-1115090
chr3,19204728,19518000,0,915-1115090
chr3,21425701,23499700,0,915-1115090
chr3,35681800,35717400,0,915-1115090
chr3,39332270,39359868,0,915-1115090
chr3,39383700,44710900,1,915-1115090
chr3,44720200,44762000,0,915-1115090
chr3,49902300,57909200,3,915-1115090
chr3,62267400,62536700,0,915-1115090
chr3,62550121,65357000,1,915-1115090
chr3,65358879,65365200,0,915-1115090
chr3,67003600,68979800,0,915-1115090
chr3,74136721,74873360,0,915-1115090
chr3,77477600,81642900,0,915-1115090
chr3,81646400,87262300,3,915-1115090
chr3,87264503,89127200,0,915-1115090
chr3,89209900,89449300,0,915-1115090
chr3,89449469,97881100,1,915-1115090
chr3,97886848,98498023,0,915-1115090
chr3,98498334,101331934,0,915-1115090
chr3,101332900,105524357,3,915-1115090
chr3,105532116,105670240,0,915-1115090
chr3,105678400,107377700,3,915-1115090
chr3,107377771,112532700,0,915-1115090
chr3,112534384,113655200,3,915-1115090
chr3,113655500,113660600,0,915-1115090
chr3,113661018,113958600,5,915-1115090
chr3,113960700,114070800,0,915-1115090
chr3,114076900,114930788,4,915-1115090
chr3,115279800,121694600,0,915-1115090
chr3,121694973,121730000,0,915-1115090
chr3,130376241,130469363,0,915-1115090
chr3,143574170,146076801,0,915-1115090
chr3,146077772,149150574,1,915-1115090
chr3,149153600,149182185,0,915-1115090
chr3,151199372,151365800,0,915-1115090
chr3,151367741,151432789,4,915-1115090
chr3,151436700,152459300,0,915-1115090
chr3,170998076,171010000,0,915-1115090
chr3,171014511,172445400,1,915-1115090
chr3,172447574,172773900,4,915-1115090
chr3,189207500,189738600,0,915-1115090
chr3,191370149,191382800,0,915-1115090
chr4,1641256,4457500,4,915-1115090
chr4,9023600,55089600,1,915-1115090
chr4,55089800,55121226,0,915-1115090
chr4,68068571,69857700,0,915-1115090
chr4,69934249,70366984,0,915-1115090
chr4,70384400,70637900,3,915-1115090
chr4,70641966,70657300,0,915-1115090
chr4,70662206,71447694,3,915-1115090
chr4,71450400,71567000,0,915-1115090
chr4,71746100,72927902,0,915-1115090
chr4,73058100,80945000,3,915-1115090
chr4,80963586,81175000,0,915-1115090
chr4,81204700,87473800,3,915-1115090
chr4,87479335,87893600,0,915-1115090
chr4,89894872,90309600,0,915-1115090
chr4,90400100,99413200,0,915-1115090
chr4,99415600,99513200,0,915-1115090
chr4,99522563,113343046,0,915-1115090
chr4,113345900,113367906,0,915-1115090
chr4,113369395,119504622,0,915-1115090
chr4,119505903,119627067,0,915-1115090
chr4,119628469,124463648,0,915-1115090
chr4,124669100,124678900,0,915-1115090
chr4,124710044,125319900,1,915-1115090
chr4,125320180,152129000,1,915-1115090
chr4,152322900,152411657,0,915-1115090
chr4,152551800,157303900,1,915-1115090
chr4,157312800,158237400,0,915-1115090
chr4,158240500,177436299,1,915-1115090
chr4,177437400,190082065,3,915-1115090
chr5,16474800,16483400,0,915-1115090
chr5,24535200,31302100,0,915-1115090
chr5,31305281,36976300,1,915-1115090
chr5,36984700,37007400,0,915-1115090
chr5,40852435,41917300,0,915-1115090
chr5,45303907,50405945,0,915-1115090
chr5,50410965,53051500,0,915-1115090
chr5,53055500,53414073,0,915-1115090
chr5,53482884,61159963,0,915-1115090
chr5,61375100,76285900,3,915-1115090
chr5,76291200,79728956,1,915-1115090
chr5,79729400,79745500,0,915-1115090
chr5,83519300,83542300,0,915-1115090
chr5,83545410,90696900,0,915-1115090
chr5,90697228,90745300,4,915-1115090
chr5,90745757,91376600,0,915-1115090
chr5,91378700,94689600,3,915-1115090
chr5,94691700,95081500,0,915-1115090
chr5,95284339,102926800,1,915-1115090
chr5,102948541,103028900,0,915-1115090
chr5,103032645,110746375,1,915-1115090
chr5,110748200,111111059,0,915-1115090
chr5,111113185,112840628,1,915-1115090
chr5,112841100,112844100,0,915-1115090
chr5,112861400,119134468,1,915-1115090
chr5,119143830,119150400,0,915-1115090
chr5,119152100,130990300,1,915-1115090
chr5,130994400,138181600,3,915-1115090
chr5,138182200,138189000,0,915-1115090
chr5,146463600,149944400,1,915-1115090
chr5,149977800,149996132,0,915-1115090
chr5,149996300,162153300,1,915-1115090
chr5,177235800,180571454,3,915-1115090
chr5,180574000,181283372,1,915-1115090
chr6,106100,5545135,3,915-1115090
chr6,25762000,25917200,0,915-1115090
chr6,27400252,27457487,0,915-1115090
chr6,27467900,27912345,3,915-1115090
chr6,27957283,28012300,0,915-1115090
chr6,28085400,28529500,0,915-1115090
chr6,28531600,28579500,0,915-1115090
chr6,28586300,29417611,0,915-1115090
chr6,44396400,50772700,0,915-1115090
chr6,50818900,51619600,3,915-1115090
chr6,51627086,52010400,0,915-1115090
chr6,52017400,54124728,1,915-1115090
chr6,54149130,56171100,0,915-1115090
chr6,56179780,56489700,4,915-1115090
chr6,56492300,56532485,0,915-1115090
chr6,56535200,56598612,1,915-1115090
chr6,56600200,70059700,0,915-1115090
chr6,70068487,70168100,0,915-1115090
chr6,70168264,73823700,1,915-1115090
chr6,74282618,75097200,6,915-1115090
chr6,75101600,75119287,0,915-1115090
chr6,75121400,75146100,1,915-1115090
chr6,75147800,75194900,0,915-1115090
chr6,75237910,80040573,0,915-1115090
chr6,80064300,80070100,3,915-1115090
chr6,80127522,80273170,0,915-1115090
chr6,80343700,83100900,3,915-1115090
chr6,87256200,87284500,0,915-1115090
chr6,96896800,98836200,1,915-1115090
chr6,98874275,109506300,1,915-1115090
chr6,109529000,109786500,0,915-1115090
chr6,109789700,112054500,3,915-1115090
chr6,112060060,112142300,0,915-1115090
chr6,112144761,116716300,3,915-1115090
chr6,116722268,116828821,0,915-1115090
chr6,116877325,132817500,1,915-1115090
chr6,132868636,134029788,0,915-1115090
chr6,134052400,134969217,4,915-1115090
chr6,134978821,135002771,0,915-1115090
chr6,135039700,136249000,3,915-1115090
chr6,136261000,136356761,0,915-1115090
chr6,136359700,139373933,4,915-1115090
chr6,139614707,142443400,0,915-1115090
chr6,142539003,145635500,3,915-1115090
chr6,145686222,145955400,0,915-1115090
chr6,146029500,159692840,4,915-1115090
chr6,159710666,159713959,0,915-1115090
chr6,159736300,160158597,4,915-1115090
chr6,160217400,160532700,0,915-1115090
chr6,160537954,160577116,0,915-1115090
chr6,160577300,160595594,0,915-1115090
chr6,160599356,161050050,0,915-1115090
chr6,161070700,170640300,5,915-1115090
chr7,7375500,23735835,1,915-1115090
chr7,23737000,23832400,0,915-1115090
chr7,24285324,39204364,1,915-1115090
chr7,39207388,54934200,3,915-1115090
chr7,54934702,55143400,0,915-1115090
chr7,55146700,57450300,3,915-1115090
chr7,78256000,82879400,0,915-1115090
chr7,82908847,82955863,0,915-1115090
chr7,83402600,88760106,0,915-1115090
chr7,88794400,90230100,0,915-1115090
chr7,90232628,96035813,0,915-1115090
chr7,108180444,108994700,0,915-1115090
chr7,108994863,111124800,0,915-1115090
chr7,111394854,117595100,0,915-1115090
chr7,117602800,117711772,0,915-1115090
chr7,117718100,122361000,1,915-1115090
chr7,122388719,123617500,0,915-1115090
chr7,123617767,123874842,3,915-1115090
chr7,123876907,124747375,0,915-1115090
chr7,128028608,130498500,3,915-1115090
chr7,130499900,130605800,0,915-1115090
chr7,130607660,141838190,3,915-1115090
chr7,141839275,142060400,0,915-1115090
chr7,142062800,143132300,3,915-1115090
chr7,143135300,143223100,0,915-1115090
chr7,147128700,147977788,0,915-1115090
chr7,148118300,150466749,3,915-1115090
chr7,150467067,155071715,1,915-1115090
chr8,7115800,18089619,1,915-1115090
chr8,18222008,18632800,0,915-1115090
chr8,18655600,20180800,1,915-1115090
chr8,20204500,20250336,0,915-1115090
chr8,20252853,24300143,1,915-1115090
chr8,24310100,24508507,0,915-1115090
chr8,24913958,40767700,1,915-1115090
chr8,41265400,43292797,3,915-1115090
chr8,43296913,46856984,0,915-1115090
chr8,46972687,58576100,3,915-1115090
chr8,58578000,58586600,0,915-1115090
chr8,58587700,90019205,3,915-1115090
chr8,90020900,91395218,0,915-1115090
chr8,91909800,102218900,3,915-1115090
chr8,102224000,102289652,6,915-1115090
chr8,102293700,102304209,0,915-1115090
chr8,102305037,103769000,3,915-1115090
chr8,103819400,105011200,0,915-1115090
chr8,105011552,105803350,0,915-1115090
chr8,106216000,120342500,0,915-1115090
chr8,120345400,120502500,4,915-1115090
chr8,120506688,120637800,0,915-1115090
chr8,120693800,130780800,3,915-1115090
chr8,130781000,130904072,0,915-1115090
chr8,130909710,132811200,3,915-1115090
chr8,132814700,132845900,0,915-1115090
chr8,132868191,138619407,4,915-1115090
chr8,138623640,138655789,0,915-1115090
chr8,138656057,145054200,3,915-1115090
chr9,14800,18675900,0,915-1115090
chr9,18680500,19577100,3,915-1115090
chr9,19597300,27158200,0,915-1115090
chr9,27168573,27209200,0,915-1115090
chr9,83641516,98986100,3,915-1115090
chr9,98987200,104599429,0,915-1115090
chr9,104604727,104618290,0,915-1115090
chr9,104694652,105521949,1,915-1115090
chr9,105522418,105596690,0,915-1115090
chr9,110407800,110747700,0,915-1115090
chr9,125151485,132327606,3,915-1115090
chr9,132328030,132331300,0,915-1115090
chr10,31461220,31820500,0,915-1115090
chr10,37130300,42798679,0,915-1115090
chr10,46888400,47000800,0,915-1115090
chr10,50133005,50327300,0,915-1115090
chr10,50743100,60068000,0,915-1115090
chr10,60068737,60076300,0,915-1115090
chr10,87508500,94597100,1,915-1115090
chr10,94601500,95037187,0,915-1115090
chr10,95039000,96156600,1,915-1115090
chr10,96157100,96190227,0,915-1115090
chr10,96318200,96327600,0,915-1115090
chr10,98011400,98251700,0,915-1115090
chr10,100193213,100202000,0,915-1115090
chr10,122798924,122841115,0,915-1115090
chr10,122849200,125721400,3,915-1115090
chr10,125723000,125738508,0,915-1115090
chr11,5736500,5885061,0,915-1115090
chr11,11884446,11952700,0,915-1115090
chr11,16046500,16748156,0,915-1115090
chr11,18006600,18026716,0,915-1115090
chr11,18029303,18864200,3,915-1115090
chr11,18864503,18873386,0,915-1115090
chr11,18886885,20614900,3,915-1115090
chr11,20617900,32928200,0,915-1115090
chr11,32931700,32935500,0,915-1115090
chr11,34649000,34888524,0,915-1115090
chr11,34888670,43398000,0,915-1115090
chr11,43400056,43450291,0,915-1115090
chr11,48325100,48489700,0,915-1115090
chr11,48512717,49031894,0,915-1115090
chr11,49032278,49982400,0,915-1115090
chr11,50304962,57018900,0,915-1115090
chr11,58203296,58358900,0,915-1115090
chr11,58366363,58508100,0,915-1115090
chr11,58527500,58617800,1,915-1115090
chr11,58622800,59153400,0,915-1115090
chr11,59172800,60464400,0,915-1115090
chr11,63032500,63409900,0,915-1115090
chr11,67030100,70661800,5,915-1115090
chr11,71816588,71837600,0,915-1115090
chr11,77332543,77379826,0,915-1115090
chr11,78778600,102949187,0,915-1115090
chr11,102950100,102955800,0,915-1115090
chr11,103045322,104163977,1,915-1115090
chr11,104682415,106824971,0,915-1115090
chr11,106826595,108509585,3,915-1115090
chr11,108509900,108514310,0,915-1115090
chr11,113736522,113741800,0,915-1115090
chr11,118205801,118240300,0,915-1115090
chr11,123753700,123907279,0,915-1115090
chr11,124214755,125678300,0,915-1115090
chr11,125680800,125896300,0,915-1115090
chr12,7487000,7606900,0,915-1115090
chr12,9506800,10075658,0,915-1115090
chr12,10770504,10825900,0,915-1115090
chr12,10826200,19089668,1,915-1115090
chr12,21022769,21304500,0,915-1115090
chr12,21306900,23896100,0,915-1115090
chr12,26659312,31948800,1,915-1115090
chr12,31980974,31985476,0,915-1115090
chr12,31985990,46793100,1,915-1115090
chr12,46904692,47667029,3,915-1115090
chr12,47669000,47687854,0,915-1115090
chr12,54462200,54633300,1,915-1115090
chr12,54634900,55312697,0,915-1115090
chr12,55320819,56107506,1,915-1115090
chr12,56423716,57827000,3,915-1115090
chr12,58882900,61867405,0,915-1115090
chr12,69597200,78122500,0,915-1115090
chr12,78127200,78210300,0,915-1115090
chr12,80029047,92788000,0,915-1115090
chr12,92798900,96742440,3,915-1115090
chr12,96743462,97680100,0,915-1115090
chr12,107699500,107734600,0,915-1115090
chr12,116096634,124012317,3,915-1115090
chr13,18174500,23324595,3,915-1115090
chr13,23330300,23339800,0,915-1115090
chr13,23340173,24874200,3,915-1115090
chr13,24876958,24885519,0,915-1115090
chr13,24885600,30966181,3,915-1115090
chr13,30968893,31152983,0,915-1115090
chr13,31154520,32332300,3,915-1115090
chr13,32332592,32339600,0,915-1115090
chr13,32340100,33167672,3,915-1115090
chr13,33185800,39601251,1,915-1115090
chr13,39659500,39724500,0,915-1115090
chr13,39727600,41590700,3,915-1115090
chr13,41590900,46692499,0,915-1115090
chr13,46694900,47954500,0,915-1115090
chr13,47968608,77070500,1,915-1115090
chr13,77076902,77098800,0,915-1115090
chr13,101073528,102686900,0,915-1115090
chr13,110150504,114326251,3,915-1115090
chr14,18412200,20354277,1,915-1115090
chr14,20354744,20357806,0,915-1115090
chr14,22533500,23470900,4,915-1115090
chr14,23475296,31846554,3,915-1115090
chr14,31850200,32094113,0,915-1115090
chr14,32094200,32535769,4,915-1115090
chr14,32545400,32732700,0,915-1115090
chr14,32735619,33367200,0,915-1115090
chr14,33560100,44507038,3,915-1115090
chr14,44860400,44864381,0,915-1115090
chr14,44864900,51689800,3,915-1115090
chr14,51698088,52008003,0,915-1115090
chr14,65561728,65881011,0,915-1115090
chr14,87934926,87965582,0,915-1115090
chr14,100924800,100955500,0,915-1115090
chr15,37253997,39581994,0,915-1115090
chr15,40621979,40625257,0,915-1115090
chr15,42444300,42451400,0,915-1115090
chr15,47759800,47771838,0,915-1115090
chr15,48121200,48428500,1,915-1115090
chr15,48430600,48448900,0,915-1115090
chr15,52885900,53665800,0,915-1115090
chr15,53699700,53722900,4,915-1115090
chr15,53732900,55185300,0,915-1115090
chr15,55856200,56434400,0,915-1115090
chr15,61873504,61907143,0,915-1115090
chr15,61907445,62243200,1,915-1115090
chr15,70660124,70701944,0,915-1115090
chr15,85769450,86556200,0,915-1115090
chr15,97965712,97971259,0,915-1115090
chr15,101805880,101975100,0,915-1115090
chr16,100400,20439700,3,915-1115090
chr16,20439970,20555500,0,915-1115090
chr16,20559300,31569200,3,915-1115090
chr16,34266100,35174000,0,915-1115090
chr16,35247400,50723365,1,915-1115090
chr16,50725636,50781195,0,915-1115090
chr16,50782524,55505535,1,915-1115090
chr16,55525600,62021500,1,915-1115090
chr16,74672451,81028222,1,915-1115090
chr16,81028659,81045000,0,915-1115090
chr16,81054100,90177830,1,915-1115090
chr17,3116709,3216577,0,915-1115090
chr17,8377553,10503200,3,915-1115090
chr17,10503300,10521500,0,915-1115090
chr17,10523300,16149400,3,915-1115090
chr17,31221900,31232900,0,915-1115090
chr17,39409900,40867200,3,915-1115090
chr17,40876516,40880800,0,915-1115090
chr17,40882690,41422000,3,915-1115090
chr17,59032000,65053591,3,915-1115090
chr18,2700900,2743900,0,915-1115090
chr18,2747506,9222100,3,915-1115090
chr18,9254300,9275544,0,915-1115090
chr18,9279526,14511900,3,915-1115090
chr18,14513787,15326000,0,915-1115090
chr18,20951300,24445493,3,915-1115090
chr18,24448200,31355244,0,915-1115090
chr18,31385100,31391056,0,915-1115090
chr18,33742900,33746500,6,915-1115090
chr18,62187400,62264700,0,915-1115090
chr18,63637600,63661300,0,915-1115090
chr18,63710400,74130700,0,915-1115090
chr18,74135726,80247300,3,915-1115090
chr19,8903300,8935221,0,915-1115090
chr19,8935700,8977548,0,915-1115090
chr19,8977654,9764884,0,915-1115090
chr19,34542389,34760439,0,915-1115090
chr19,34944800,36936941,3,915-1115090
chr19,42555926,44303500,0,915-1115090
chr19,44327460,44424011,0,915-1115090
chr19,44428400,44529542,0,915-1115090
chr19,44647400,45302203,1,915-1115090
chr19,45302500,45914710,3,915-1115090
chr19,52818006,52842194,0,915-1115090
chr19,52849106,56320235,3,915-1115090
chr19,56320671,58599000,0,915-1115090
chr20,87623,276162,0,915-1115090
chr20,38539800,38575000,0,915-1115090
chr20,45480200,45568700,0,915-1115090
chr20,46464681,46504800,0,915-1115090
chr20,56249500,59836501,4,915-1115090
chr20,59840500,59901756,0,915-1115090
chr20,59907400,63314087,4,915-1115090
chr21,5137300,14758300,1,915-1115090
chr21,14964738,15805300,0,915-1115090
chr21,15811100,26838400,1,915-1115090
chr21,26839569,32504069,3,915-1115090
chr21,32515005,32726960,5,915-1115090
chr21,32734900,32760000,0,915-1115090
chr21,32761000,33914500,5,915-1115090
chr21,34095100,45267700,3,915-1115090
chr22,50316037,50798982,0,915-1115090
chrX,25194300,38269600,0,141-27
chrX,54558700,64726900,4,141-27
chrX,64851600,65773700,12,141-27
chrX,65795164,68212100,8,141-27
chrX,68214000,69670404,10,141-27
chrX,69935700,70361600,4,141-27
chrX,70374200,72329800,6,141-27
chrX,72351800,73584500,4,141-27
chrX,78272400,84440400,0,141-27
chrX,84468600,85255800,0,141-27
chrX,85264400,85379300,0,141-27
chrX,85379500,96958217,0,141-27
chrX,104254900,106848300,0,141-27
chrX,107560300,107982100,0,141-27
chrX,152827438,155079073,4,141-27
chrX,100662200,105831200,6,141-57
chrX,109683700,114731382,8,141-57
chrX,148024900,152135600,6,141-57
chrX,66208144,67723800,0,141-6
chrX,77698900,78139664,4,141-6
chrX,78271700,84187800,0,141-6
chrX,84318100,84333800,0,141-6
chrX,85264400,85367800,0,141-6
chrX,85379264,100342100,0,141-6
chrX,317600,2382700,0,141-88
chrX,2547881,17135400,4,141-88
chrX,17147500,17719324,0,141-88
chrX,17724211,66615942,4,141-88
chrX,67373462,67730597,4,141-88
chrX,73226100,77523300,0,141-88
chrX,78271800,100294236,0,141-88
chrX,21426734,21595400,0,915-1115081
chrX,106788000,106840900,0,915-1115081
chrX,135604600,135675200,0,915-1115081
chrX,135677600,135904887,0,915-1115081
chrX,135905301,135912039,0,915-1115081
chrX,135912400,136323400,4,915-1115081
chrX,136344600,136353400,0,915-1115081
chrX,152224900,152394408,0,915-1115081
chrX,284212,2291700,0,915-1115090
chrX,2408752,3317987,4,915-1115090
chrX,3320300,3324744,0,915-1115090
chrX,14581145,14845300,0,915-1115090
chrX,14850400,14895400,4,915-1115090
chrX,14897300,15244400,0,915-1115090
chrX,15248900,15426000,4,915-1115090
chrX,15456000,15594900,0,915-1115090
chrX,15600835,31932100,4,915-1115090
chrX,32206100,32816600,0,915-1115090
chrX,37655800,38291400,0,915-1115090
chrX,50008400,50424300,0,915-1115090
chrX,50470300,57136200,4,915-1115090
chrX,57292474,57448699,0,915-1115090
chrX,66074900,68432900,0,915-1115090
chrX,72205200,72495200,0,915-1115090
chrX,72567800,73822200,4,915-1115090
chrX,73822800,73847200,0,915-1115090
chrX,73847820,74595900,4,915-1115090
chrX,74740100,74744200,0,915-1115090
chrX,75053400,119083100,0,915-1115090
chrX,119085400,119105200,0,915-1115090
chrX,121203136,123480200,0,915-1115090
chrX,123482900,124365727,4,915-1115090
chrX,124370100,124705287,0,915-1115090
chrX,124736900,129548536,4,915-1115090
chrX,129557351,129590200,0,915-1115090
chrX,129739200,135171068,0,915-1115090
chrX,135179900,135911729,0,915-1115090
chrX,135912000,136308687,4,915-1115090
chrX,136323000,136359438,0,915-1115090
chrX,136361521,136504400,4,915-1115090
chrX,136509100,136780700,0,915-1115090
chrX,139615000,139750100,0,915-1115090
chrX,154899900,154931576,0,915-1115090
chrX,154947600,156025400,0,915-1115090
