purity	ploidy	sample
0.59	1.9	00-000450-SRR474658
0.55	1.9	00-1165-SRR461844
0.75	1.9	00-160-SRR471373
0.72	2	00-1823-SRR471613
0.73	2	01-1934-SRR471793
0.4	1.9	01-2382-SRR471433
0.45	4.1	01-2492-SRR471733
0.73	2	01-2554-SRR471673
0.22	3.4	01-28-SRR471073
0.35	2	02-1082-SRR472616
0.29	5.8	02-1562-SRR472853
0.25	2	02-169-SRR471289
0.28	2	02-1736-SRR472556
0.59	2	02-1899-SRR462188
0.1	1.7	02-2035-SRR471241
0.41	2	02-2072-SRR462267
0.17	1.9	02-2480-SRR462128
0.19	4.8	02-254-SRR474116
0.24	2	03-1026-SRR468565
0.38	5.9	03-1334-SRR474068
0.75	2	03-1426-SRR465855
0.36	1.9	03-1906-SRR465813
0.64	1.9	03-22-SRR471013
0.49	1.9	03-2345-SRR465789
0.34	2	03-2620-SRR463012
0.36	2	03-3391-SRR462988
0.3	1.9	03-595-SRR473840
0.11	2.1	03-870-SRR473924
0.5	2	03-871-SRR473816
0.72	2	04-1084-SRR470000
0.61	3.5	04-1243-SRR469952
0.59	1.9	04-1367-SRR468685
0.1	1.8	04-1421-SRR468337
0.4	1.9	04-1790-SRR468313
0.34	1.9	04-194-SRR468361
0.49	4	04-2599-SRR458567
0.31	1.9	04-2641-SRR458543
0.37	2	04-2666-SRR458519
0.49	1.9	04-2740-SRR464997
0.31	2	04-3113-SRR468985
0.64	2	04-3222-SRR468925
0.28	5.6	04-3347-SRR472945
0.99	2	04-47-SRR460038
0.4	1.9	04-594-SRR459996
0.11	5.2	04-639-SRR464829
0.71	1.9	04-903-SRR472177
0.55	2	05-2212-SRR472129
0.25	1.9	05-2594-SRR472153
0.34	5.8	05-3436-SRR472063
0.45	2	05-3440-SRR461561
0.59	2	05-3595-SRR472882
0.35	2	05-3829-SRR472015
0.69	1.9	05-3852-SRR472039
0.3	2	05-3859-SRR465129
0.79	2.2	05-620-SRR459972
0.12	1.9	05-839-SRR465021
0.33	1.9	06-1125-SRR458633
0.63	2	06-1651-SRR472417
0.34	2	06-1696-SRR458657
0.7	1.9	06-1749-SRR472297
0.1	1.9	06-1999-SRR472357
0.31	1.9	06-2325-SRR473245
0.1	1.9	06-3676-SRR458681
0.17	2.1	06-3939-SRR461465
0.56	1.9	06-4428-SRR461441
0.44	5.9	07-144-SRR466865
0.65	1.9	07-360-SRR461489
0.34	1.9	07-5036-SRR464787
0.58	1.9	07-684-SRR466841
0.4	2	07-718-SRR466557
0.52	2.4	07-837-SRR466629
0.37	2	08-2516-SRR464805
0.34	2	08-590-SRR460086
0.37	2	09-120-SRR460104
0.3	2	09-1372-SRR474935
0.15	5.7	09-1580-SRR474953
0.1	1.8	09-2497-SRR474977
0.48	1.9	09-2517-SRR474359
0.56	2	09-2744-SRR474438
0.64	3.8	09-2767-SRR465371
0.62	2	09-3421-SRR465213
0.41	2	09-3566-SRR465510
0.86	5.8	09-3687-SRR467858
0.67	1.9	09-5094-SRR473166
0.27	1.8	09-5245-SRR468174
0.62	1.9	09-5446-SRR473087
0.59	1.9	09-5630-SRR485163
0.39	5.9	09-5700-SRR485381
0.68	2	09-5702-SRR485302
0.1	2	09-649-SRR460152
0.89	2	1-SRR5876699
0.35	1.9	10-SRR4043970
0.73	1.9	10-SRR5876700
0.32	3.6	11-SRR4044013
0.49	4.1	11-SRR5876711
0.16	2.9	1115081-SRR8304753
0.35	5.7	1115082-SRR8304741
0.1	1.6	1115085-SRR8304748
0.17	5.2	1115086-SRR8304740
0.13	3.8	1115088-SRR8304754
0.38	4.3	1115089-SRR8304758
0.23	3.9	1115090-SRR8307132
0.18	5.5	1115091-SRR8304759
0.14	1.7	1115092-SRR8304757
0.84	2	1115126-SRR8304763
0.9	2	1115150-SRR8304824
0.94	2	1115153-SRR2404067
0.78	4	1115154-SRR2404230
0.61	3.5	1115156-SRR2404024
0.46	5.7	1115157-SRR2404185
0.87	2.4	1115161-SRR2404095
0.47	4.5	1115183-SRR2407078
0.85	4.6	1115200-SRR8304826
0.81	4.2	1115202-SRR2404278
0.49	2.1	1115244-SRR2404302
0.28	1.8	1115245-SRR8304830
0.64	4.5	1115257-SRR8304832
0.56	4.6	1115264-SRR8304839
0.3	1.8	1115265-SRR8304838
0.42	1.9	1115284-SRR8304834
0.53	6.3	1115303-SRR8307441
0.89	2	1115305-SRR8324618
0.78	4	1115308-SRR8321662
0.63	1.9	1115311-SRR8307498
0.41	1.8	1115343-SRR8304837
0.3	2	1115349-SRR8304843
0.82	3.1	12-SRR5876722
0.78	1.9	12729-SRR3146834
0.73	1.8	12730-SRR3146839
0.37	1.9	13-SRR4043923
0.8	3.8	13-SRR5876724
0.68	3.6	14-SRR4043959
0.84	4.1	14-SRR5876725
0.22	3.9	15-SRR4043919
0.56	2.4	15-SRR5876726
0.36	2.1	16-SRR4043929
0.81	2.7	16-SRR5876727
0.28	6.7	17-SRR4043874
0.96	3.3	17-SRR5876728
0.34	3.8	18-SRR5876729
0.22	5.2	19-SRR4043878
0.75	2.1	19-SRR5876730
0.21	5.4	2-SRR4043877
0.66	2	2-SRR5876731
0.58	1.9	20-SRR4043814
0.79	2	20-SRR5876732
0.96	1.8	20630-SRR3146915
0.64	1.9	20990-SRR3146978
0.66	4.2	21-SRR4043856
0.6	1.7	21-SRR5876733
0.27	4.5	21011-SRR3146793
0.15	2.5	21020-SRR3146741
0.62	3.9	21181-SRR3146979
0.34	1.9	21510-SRR3146833
0.55	2.2	22-SRR4043904
0.81	2.1	22-SRR5876734
0.31	1.9	22171-SRR3146955
0.6	5.9	23-SRR4043895
0.48	2	23-SRR5876735
0.34	1.9	24-SRR4043997
0.58	1.9	24-SRR5876736
0.11	1.9	25-SRR4043920
0.88	3.4	25-SRR5876737
0.63	3.9	26-SRR4043811
0.79	2.1	26-SRR5876738
0.48	5.9	27-SRR4043858
0.97	4	27-SRR5876739
0.29	1.5	2746-SRR3146821
0.84	2.2	28-SRR4043875
0.75	2.3	28-SRR5876740
0.68	3.2	29-SRR5876741
0.1	4	3-SRR4044023
0.31	1.8	3-SRR5876742
0.35	2	30-SRR5876743
0.86	2	31-SRR5876744
0.32	1.9	32-SRR4043905
0.25	3	32-SRR5876745
0.61	4	33-SRR5876746
0.39	2.1	34-SRR4043809
0.86	3.8	34-SRR5876747
0.33	3.6	35-SRR4043810
0.89	4	35-SRR5876748
0.1	1.9	36-SRR4044001
0.57	4.4	36-SRR5876749
0.34	2	37-SRR4043990
0.58	3.5	37-SRR5876750
0.34	2.6	38-SRR4043964
0.56	3.5	38-SRR5876751
0.76	2	39-SRR4043962
0.5	6.6	39-SRR5876752
0.48	4.4	4-SRR4043948
0.47	2	4-SRR5876753
0.31	2	40-SRR4043957
0.54	3.6	40-SRR5876754
0.13	2.2	41-SRR4043820
0.88	1.6	41-SRR5876755
0.1	2.2	42-SRR4044002
0.55	1.9	42-SRR5876756
0.7	2	43-SRR4043837
0.89	3.8	43-SRR5876757
0.7	2	44-SRR4043981
0.71	5.2	44-SRR5876758
0.78	5	44-SRR5876759
0.57	4.7	44-SRR5876760
0.5	1.9	45-SRR4043909
0.84	2.6	45-SRR5876761
0.72	2.1	46-SRR4043793
0.6	4.1	46-SRR5876762
0.34	3.6	47-SRR4044004
0.69	4	47-SRR5876763
0.74	3.1	48-SRR5876765
0.94	2.3	49-SRR4043907
0.45	5.3	49-SRR5876766
0.31	1.8	5-SRR4043876
0.68	2	5-SRR5876764
0.95	1.9	50-SRR4044012
0.67	6.3	50-SRR5876767
0.38	1.9	51-SRR4043795
0.55	2	51-SRR5876768
0.69	3.5	5115023-SRR3018013
0.37	1.9	5115024-SRR8311838
0.88	1.9	5115025-SRR8311840
0.7	2	5115026-SRR8311846
0.33	2	5115027-SRR8311849
0.31	2.1	5115028-SRR8311852
0.45	1.7	5115029-SRR8311857
0.78	3.9	5115030-SRR8311864
0.75	3.5	5115031-SRR8311868
0.29	3.8	5115032-SRR8311872
0.52	4.1	5115033-SRR8311876
0.46	2.1	5115034-SRR8311896
0.91	1.6	5115056-SRR8311885
0.63	3.7	5115057-SRR8311891
0.92	4.1	5115058-SRR8311907
0.83	3.7	5115073-SRR8311904
0.77	2.1	5115075-SRR8311909
0.38	2.1	5115076-SRR8311911
0.29	1.9	5115077-SRR8311916
0.58	2	5115078-SRR8311926
0.54	4	5115098-SRR8311874
0.27	4.2	5115127-SRR8311930
0.54	3.7	5115128-SRR8311958
0.27	3.4	5115129-SRR8311946
0.56	2.1	5115130-SRR8311953
0.7	2.5	5115152-SRR8311933
0.81	5.1	5115158-SRR8311962
0.84	2.8	5115160-SRR8311978
0.77	4.1	5115186-SRR8311944
0.85	1.9	5115187-SRR8311991
0.96	2	5115192-SRR8311924
0.62	4.7	5115193-SRR8311999
0.72	3.8	5115194-SRR8311970
0.58	3.4	5115195-SRR8311974
0.91	3.8	5115196-SRR8311984
0.49	3.4	5115197-SRR8311986
0.18	6.2	5115198-SRR8311993
0.53	2	5115199-SRR8311935
0.18	2.5	5115203-SRR8311968
0.34	4.4	5115254-SRR8312004
0.86	1.9	5115255-SRR8312028
0.77	3.6	5115256-SRR8312012
0.92	2	5115258-SRR8311905
0.81	4	5115259-SRR8311931
0.59	3.5	5115260-SRR8312022
0.8	4.1	5115261-SRR8312001
0.17	1.9	5115276-SRR8312040
0.81	3.3	5115290-SRR8312030
0.7	3.3	5115291-SRR8312042
0.7	3	5115327-SRR8312045
0.46	3.5	5115359-SRR8312049
0.42	3.7	5115405-SRR8312075
0.78	2.3	5115406-SRR8312068
0.19	5.3	5115407-SRR8312070
0.83	4	5115408-SRR8312096
0.85	2.1	5115409-SRR8311598
0.83	4.1	5115410-SRR8311600
0.93	4.3	5115411-SRR8311619
0.61	4.7	5115412-SRR8311627
0.73	4	5115501-SRR8311580
0.51	4.5	5115505-SRR8311644
0.83	3.9	5115506-SRR8311667
0.84	3.9	5115528-SRR8311652
0.71	2.3	5115547-SRR8311623
0.51	4.4	5115548-SRR8311692
0.69	3.4	5115608-SRR8311694
0.49	3.6	5115609-SRR8311697
0.83	5.1	5115610-SRR8311714
0.32	4	5115611-SRR8311716
0.43	4.3	5115612-SRR8311718
0.85	3.9	5115613-SRR8311720
0.94	4	5115614-SRR8311745
0.92	2.7	5115615-SRR8311749
0.65	3.1	5115648-SRR8311751
0.87	2	5115650-SRR8311791
0.89	3.4	5115651-SRR8311795
0.29	3.8	52-SRR4043939
0.95	3.8	52-SRR5876769
0.37	4.3	53-SRR4044006
0.69	3.5	53-SRR5876770
0.3	2.1	54-SRR4043960
0.93	4.2	54-SRR5876771
0.33	2.1	55-SRR4043933
0.85	3.7	55-SRR5876772
0.1	2.1	56-SRR4043868
0.82	3.2	56-SRR5876773
0.71	4.3	57-SRR4043833
0.33	4	57-SRR5876774
0.7	2.4	58-SRR4043892
0.73	3	58-SRR5876776
0.68	3.5	59-SRR4043832
0.62	3.5	59-SRR5876777
0.22	1.9	6-SRR4043956
0.47	1.9	6-SRR5876775
0.49	4.4	60-SRR4043953
0.76	3.6	61-SRR4043934
0.73	3.3	6115012-SRR3018193
0.41	3.4	6115013-SRR3018198
0.67	3.3	6115014-SRR3018200
0.31	2.3	6115116-SRR8307101
0.96	2	6115119-SRR8307103
0.6	4.3	6115120-SRR8307109
0.36	2	6115124-SRR8307108
0.63	2.1	6115236-SRR8307106
0.93	1.5	6115250-SRR8307110
0.11	1.9	6115285-SRR8307112
0.17	4	6115286-SRR8307113
0.92	3.7	6115288-SRR8307119
0.88	4.4	6115295-SRR8307105
0.5	6	6115317-SRR8307505
0.59	3.3	6115319-SRR8307501
0.82	3.8	6115320-SRR8307502
0.82	1.9	6115321-SRR8316704
0.79	2.6	6115322-SRR8316710
0.21	5.6	6115323-SRR8316709
0.96	3	6115381-SRR8316705
0.48	4.3	6115383-SRR8316753
0.78	4	6115385-SRR8316754
0.8	3.9	6115386-SRR8316758
0.19	4.9	6115387-SRR8316755
0.94	4.3	6115388-SRR8316756
0.76	4.1	6115389-SRR8316757
0.88	2	6115390-SRR8316918
0.52	3.4	6115391-SRR8316923
0.87	5.4	6115392-SRR8316915
0.81	1.9	6115393-SRR8316920
0.43	6.2	6115394-SRR8316919
0.47	3.4	6115395-SRR8316910
0.81	2.3	6115396-SRR8316924
0.48	4.5	6115397-SRR8316922
0.68	4.3	6115398-SRR8316925
0.3	5.8	6115399-SRR8316921
0.2	4.9	6115400-SRR8307126
0.96	1.9	6115401-SRR8307136
0.87	2.1	6115402-SRR8307128
0.46	5.6	6115403-SRR8307258
0.79	2.8	62-SRR4043822
0.41	2.1	63-SRR4043826
0.35	4	64-SRR4043931
0.1	1.9	65-SRR4043910
0.83	2.1	66-SRR4043848
0.39	5.9	67-SRR4043989
0.45	2.4	68-SRR4043825
0.22	5.6	69-SRR4043866
0.12	5	7-SRR4043840
0.31	1.9	7-SRR5876786
0.78	2	71-SRR4044024
0.59	2.2	72-SRR4043800
0.29	2.1	73-SRR4043902
0.33	1.9	74-SRR4043949
0.86	2.4	75-SRR4043799
0.47	4.1	76-SRR4043852
0.26	3.5	77-SRR4043941
0.79	3.7	78-SRR4043993
0.78	3.6	79-SRR4043977
0.8	2	8-SRR4044014
0.34	1.7	8-SRR5876797
0.51	2.2	80-SRR4043845
0.62	4.2	81-SRR4043890
0.48	4.3	83-SRR4043830
0.42	4.3	84-SRR4043988
0.49	3.8	86-SRR4044009
0.29	4.6	87-SRR4043918
0.24	3.8	88-SRR4043791
0.21	3.9	9-SRR4043806
0.34	1.8	9-SRR5876808
0.1	1.9	STID0000000099-SRR477230
0.91	1.8	STID0000000415-SRR477466
0.16	5.6	STID0000000427-SRR477348
0.35	5.2	STID0000001024-SRR477288
0.42	1.9	STID0000001043-SRR477408
0.36	1.9	STID0000002661-SRR477829
0.75	2	STID0000002682-SRR478005
0.44	2	STID0000002740-SRR477889
0.4	2	STID0000002761-SRR478063
0.46	2	STID0000002762-SRR477947
0.1	1.5	STID0000002858-SRR477592
0.37	2	STID0000002872-SRR477710
0.29	5.8	STID0000002915-SRR477768
0.1	2.1	STID0000002916-SRR477650
0.3	1.9	STID0000003023-SRR477114
0.31	2	STID0000003026-SRR477172
0.28	2	STID0000003034-SRR478241
0.4	1.9	STID0000003035-SRR478299
0.1	1.9	STID0000003036-SRR478357
0.1	2	STID0000003048-SRR478121
0.54	1.9	STID0000003051-SRR478181
0.59	1.9	STID0000003127-SRR486768
0.45	1.9	TCGA-2A-A8VL-01
0.53	1.9	TCGA-2A-A8VO-01
0.43	5.4	TCGA-2A-A8VT-01
0.1	1.8	TCGA-2A-A8VV-01
0.9	2	TCGA-2A-A8VX-01
0.93	1.9	TCGA-2A-A8W1-01
0.42	1.9	TCGA-2A-A8W3-01
0.83	1.9	TCGA-2A-AAYF-01
0.72	1.9	TCGA-2A-AAYO-01
0.79	1.9	TCGA-2A-AAYU-01
0.2	2.8	TCGA-4L-AA1F-01
0.73	2	TCGA-CH-5737-01
0.36	2	TCGA-CH-5738-01
0.68	2	TCGA-CH-5739-01
0.64	2	TCGA-CH-5740-01
0.8	2	TCGA-CH-5741-01
0.34	2	TCGA-CH-5743-01
0.55	1.9	TCGA-CH-5744-01
0.57	1.9	TCGA-CH-5745-01
0.39	1.9	TCGA-CH-5746-01
0.69	2	TCGA-CH-5748-01
0.36	2	TCGA-CH-5750-01
0.27	5.1	TCGA-CH-5751-01
0.75	2	TCGA-CH-5752-01
0.82	1.9	TCGA-CH-5753-01
0.64	2	TCGA-CH-5754-01
0.53	4.2	TCGA-CH-5761-01
0.29	2	TCGA-CH-5762-01
0.38	2	TCGA-CH-5763-01
0.53	1.9	TCGA-CH-5764-01
0.74	1.9	TCGA-CH-5765-01
0.27	5.6	TCGA-CH-5766-01
0.82	2	TCGA-CH-5767-01
0.68	2	TCGA-CH-5768-01
0.35	1.9	TCGA-CH-5769-01
0.3	1.9	TCGA-CH-5771-01
0.44	1.9	TCGA-CH-5772-01
0.84	2.1	TCGA-CH-5788-01
0.97	2	TCGA-CH-5789-01
0.79	1.9	TCGA-CH-5790-01
0.66	1.9	TCGA-CH-5791-01
0.36	1.8	TCGA-CH-5792-01
0.57	2	TCGA-CH-5794-01
0.1	1.8	TCGA-EJ-5494-01
0.32	2.1	TCGA-EJ-5495-01
0.43	2	TCGA-EJ-5496-01
0.41	2	TCGA-EJ-5497-01
0.3	2	TCGA-EJ-5498-01
0.46	1.9	TCGA-EJ-5499-01
0.39	1.9	TCGA-EJ-5501-01
0.33	1.9	TCGA-EJ-5502-01
0.25	2	TCGA-EJ-5503-01
0.34	1.9	TCGA-EJ-5504-01
0.42	2	TCGA-EJ-5505-01
0.52	2	TCGA-EJ-5506-01
0.47	3.7	TCGA-EJ-5507-01
0.37	2	TCGA-EJ-5508-01
0.55	1.8	TCGA-EJ-5509-01
0.36	2.1	TCGA-EJ-5510-01
0.79	2	TCGA-EJ-5511-01
0.38	2	TCGA-EJ-5512-01
0.32	5.9	TCGA-EJ-5514-01
0.1	2	TCGA-EJ-5515-01
0.1	3.2	TCGA-EJ-5516-01
0.69	1.9	TCGA-EJ-5517-01
0.51	2	TCGA-EJ-5518-01
0.66	1.9	TCGA-EJ-5519-01
0.39	1.9	TCGA-EJ-5521-01
0.39	1.9	TCGA-EJ-5522-01
0.43	1.9	TCGA-EJ-5524-01
0.85	2.1	TCGA-EJ-5525-01
0.48	2	TCGA-EJ-5526-01
0.31	2	TCGA-EJ-5527-01
0.48	1.9	TCGA-EJ-5530-01
0.96	1.9	TCGA-EJ-5531-01
0.67	2	TCGA-EJ-5532-01
0.38	2	TCGA-EJ-5542-01
0.53	1.8	TCGA-EJ-7115-01
0.29	1.9	TCGA-EJ-7123-01
0.36	1.9	TCGA-EJ-7125-01
0.44	1.9	TCGA-EJ-7218-01
0.73	1.8	TCGA-EJ-7312-01
0.6	2	TCGA-EJ-7314-01
0.62	1.9	TCGA-EJ-7315-01
0.65	1.9	TCGA-EJ-7317-01
0.43	2	TCGA-EJ-7318-01
0.45	2	TCGA-EJ-7321-01
0.79	2	TCGA-EJ-7325-01
0.1	2	TCGA-EJ-7327-01
0.37	2	TCGA-EJ-7328-01
0.2	2.1	TCGA-EJ-7330-01
0.4	2	TCGA-EJ-7331-01
0.52	1.9	TCGA-EJ-7781-01
0.74	1.7	TCGA-EJ-7782-01
0.1	1.6	TCGA-EJ-7783-01
0.65	4.3	TCGA-EJ-7784-01
0.38	1.9	TCGA-EJ-7785-01
0.38	1.9	TCGA-EJ-7786-01
0.69	1.9	TCGA-EJ-7788-01
0.93	2.2	TCGA-EJ-7789-01
0.38	2	TCGA-EJ-7791-01
0.22	2	TCGA-EJ-7792-01
0.34	2.1	TCGA-EJ-7793-01
0.15	2	TCGA-EJ-7794-01
0.37	2	TCGA-EJ-7797-01
0.52	1.9	TCGA-EJ-8468-01
0.8	2.1	TCGA-EJ-8469-01
0.45	1.9	TCGA-EJ-8470-01
0.63	3.9	TCGA-EJ-8472-01
0.18	1.8	TCGA-EJ-8474-01
0.28	1.9	TCGA-EJ-A46B-01
0.45	2	TCGA-EJ-A46D-01
0.37	2	TCGA-EJ-A46E-01
0.87	2	TCGA-EJ-A46F-01
0.73	2.2	TCGA-EJ-A46G-01
0.1	1.7	TCGA-EJ-A46H-01
0.1	1.6	TCGA-EJ-A46I-01
0.13	1.8	TCGA-EJ-A65B-01
0.95	2	TCGA-EJ-A65D-01
0.59	1.9	TCGA-EJ-A65E-01
0.65	2.1	TCGA-EJ-A65F-01
0.38	1.9	TCGA-EJ-A65G-01
0.83	2	TCGA-EJ-A65J-01
0.42	2	TCGA-EJ-A65M-01
0.27	1.9	TCGA-EJ-A6RA-01
0.1	1.5	TCGA-EJ-A6RC-01
0.73	1.9	TCGA-EJ-A7NF-01
0.43	1.9	TCGA-EJ-A7NG-01
0.16	5.5	TCGA-EJ-A7NH-01
0.35	1.9	TCGA-EJ-A7NJ-01
0.1	1.7	TCGA-EJ-A7NK-01
0.65	1.9	TCGA-EJ-A7NM-01
0.73	1.8	TCGA-EJ-A7NN-01
0.65	2	TCGA-EJ-A8FN-01
0.3	1.9	TCGA-EJ-A8FO-01
0.33	1.9	TCGA-EJ-A8FP-01
0.81	1.9	TCGA-EJ-A8FS-01
0.32	1.9	TCGA-EJ-A8FU-01
0.39	2	TCGA-EJ-AB20-01
0.1	1.6	TCGA-EJ-AB27-01
0.16	5.6	TCGA-FC-7708-01
0.25	5.6	TCGA-FC-7961-01
0.64	3.4	TCGA-FC-A4JI-01
0.8	2	TCGA-FC-A5OB-01
0.39	2	TCGA-FC-A66V-01
0.4	1.9	TCGA-FC-A6HD-01
0.31	1.9	TCGA-FC-A8O0-01
0.15	1.8	TCGA-G9-6329-01
0.57	5.6	TCGA-G9-6332-01
0.45	1.9	TCGA-G9-6333-01
0.31	1.9	TCGA-G9-6336-01
0.77	2	TCGA-G9-6338-01
0.38	1.9	TCGA-G9-6339-01
0.46	1.9	TCGA-G9-6342-01
0.1	1.9	TCGA-G9-6343-01
0.35	1.9	TCGA-G9-6347-01
0.33	1.9	TCGA-G9-6348-01
0.31	1.9	TCGA-G9-6351-01
0.32	1.9	TCGA-G9-6353-01
0.33	5.8	TCGA-G9-6354-01
0.35	2	TCGA-G9-6356-01
0.35	1.8	TCGA-G9-6361-01
0.84	2	TCGA-G9-6362-01
0.43	2	TCGA-G9-6363-01
0.55	1.9	TCGA-G9-6364-01
0.46	2	TCGA-G9-6365-01
0.59	2	TCGA-G9-6366-01
0.3	1.9	TCGA-G9-6367-01
0.85	1.9	TCGA-G9-6369-01
0.1	1.8	TCGA-G9-6370-01
0.12	1.7	TCGA-G9-6371-01
0.7	2	TCGA-G9-6373-01
0.4	5.7	TCGA-G9-6377-01
0.15	1.8	TCGA-G9-6378-01
0.14	1.8	TCGA-G9-6379-01
0.41	1.8	TCGA-G9-6384-01
0.29	1.9	TCGA-G9-6385-01
0.54	1.9	TCGA-G9-6494-01
0.8	2.1	TCGA-G9-6496-01
0.27	1.9	TCGA-G9-6498-01
0.21	3.8	TCGA-G9-6499-01
0.23	1.8	TCGA-G9-7509-01
0.3	1.9	TCGA-G9-7510-01
0.43	2	TCGA-G9-7519-01
0.39	3.7	TCGA-G9-7521-01
0.34	1.8	TCGA-G9-7522-01
0.14	1.5	TCGA-G9-7523-01
0.65	2.1	TCGA-G9-7525-01
0.57	1.9	TCGA-G9-A9S0-01
0.58	3.6	TCGA-G9-A9S4-01
0.57	1.9	TCGA-G9-A9S7-01
0.76	2	TCGA-H9-7775-01
0.26	1.9	TCGA-H9-A6BX-01
0.75	2	TCGA-H9-A6BY-01
0.33	1.9	TCGA-HC-7075-01
0.75	5.8	TCGA-HC-7077-01
0.72	2	TCGA-HC-7078-01
0.26	1.9	TCGA-HC-7079-01
0.88	1.9	TCGA-HC-7080-01
0.43	1.9	TCGA-HC-7081-01
0.53	1.9	TCGA-HC-7209-01
0.43	1.8	TCGA-HC-7210-01
0.67	1.7	TCGA-HC-7211-01
0.55	5.8	TCGA-HC-7212-01
0.62	5.5	TCGA-HC-7213-01
0.84	1.9	TCGA-HC-7230-01
0.52	1.9	TCGA-HC-7231-01
0.55	2	TCGA-HC-7232-01
0.1	1.7	TCGA-HC-7233-01
0.41	2.3	TCGA-HC-7736-01
0.1	1.9	TCGA-HC-7737-01
0.93	2.1	TCGA-HC-7738-01
0.95	2.1	TCGA-HC-7740-01
0.58	2	TCGA-HC-7742-01
0.91	2.1	TCGA-HC-7744-01
0.83	4.2	TCGA-HC-7745-01
0.13	2.1	TCGA-HC-7747-01
0.31	2	TCGA-HC-7748-01
0.96	2.2	TCGA-HC-7749-01
0.96	2.2	TCGA-HC-7750-01
0.91	2	TCGA-HC-7752-01
0.4	1.9	TCGA-HC-7817-01
0.34	1.9	TCGA-HC-7818-01
0.77	2	TCGA-HC-7819-01
0.45	1.9	TCGA-HC-7820-01
0.62	5.8	TCGA-HC-7821-01
0.33	1.9	TCGA-HC-8213-01
0.13	4.5	TCGA-HC-8216-01
0.4	2	TCGA-HC-8256-01
0.69	2	TCGA-HC-8257-01
0.62	1.9	TCGA-HC-8258-01
0.1	1.7	TCGA-HC-8259-01
0.85	2.1	TCGA-HC-8260-01
0.67	1.9	TCGA-HC-8261-01
0.44	1.9	TCGA-HC-8262-01
0.68	2	TCGA-HC-8264-01
0.11	2.9	TCGA-HC-8265-01
0.21	2.2	TCGA-HC-8266-01
0.89	1.8	TCGA-HC-A48F-01
0.68	2.1	TCGA-HC-A4ZV-01
0.78	4	TCGA-HC-A631-01
0.53	3.7	TCGA-HC-A632-01
0.36	2	TCGA-HC-A6AL-01
0.66	1.9	TCGA-HC-A6AN-01
0.77	2	TCGA-HC-A6AO-01
0.38	1.9	TCGA-HC-A6AP-01
0.72	2	TCGA-HC-A6AQ-01
0.24	1.9	TCGA-HC-A6AS-01
0.1	1.8	TCGA-HC-A6HX-01
0.68	2	TCGA-HC-A6HY-01
0.51	1.9	TCGA-HC-A76W-01
0.38	1.9	TCGA-HC-A76X-01
0.8	2.1	TCGA-HC-A8CY-01
0.17	1.8	TCGA-HC-A8D0-01
0.37	1.9	TCGA-HC-A8D1-01
0.48	3.2	TCGA-HC-A9TE-01
0.44	5.8	TCGA-HC-A9TH-01
0.42	5	TCGA-HI-7168-01
0.33	2	TCGA-HI-7169-01
0.55	5.8	TCGA-HI-7170-01
0.67	5.8	TCGA-HI-7171-01
0.63	2.1	TCGA-J4-8198-01
0.38	1.9	TCGA-J4-8200-01
0.36	1.9	TCGA-J4-A67K-01
0.37	1.9	TCGA-J4-A67L-01
0.21	1.9	TCGA-J4-A67M-01
0.71	1.9	TCGA-J4-A67N-01
0.15	1.9	TCGA-J4-A67O-01
0.13	1.8	TCGA-J4-A67Q-01
0.25	2	TCGA-J4-A67R-01
0.41	2	TCGA-J4-A67S-01
0.35	2	TCGA-J4-A67T-01
0.1	1.6	TCGA-J4-A6G1-01
0.33	1.9	TCGA-J4-A6G3-01
0.1	1.9	TCGA-J4-A6M7-01
0.78	1.9	TCGA-J4-A83I-01
0.57	1.9	TCGA-J4-A83J-01
0.1	1.8	TCGA-J4-A83K-01
0.32	2	TCGA-J4-A83L-01
0.36	1.9	TCGA-J4-A83M-01
0.51	1.9	TCGA-J4-A83N-01
0.34	1.9	TCGA-J4-AATV-01
0.58	4	TCGA-J4-AATZ-01
0.37	1.9	TCGA-J4-AAU2-01
0.41	5.3	TCGA-J9-A52B-01
0.35	1.9	TCGA-J9-A52C-01
0.93	1.9	TCGA-J9-A52D-01
0.33	5.9	TCGA-J9-A52E-01
0.53	1.9	TCGA-J9-A8CK-01
0.18	4.8	TCGA-J9-A8CL-01
0.59	2.1	TCGA-J9-A8CM-01
0.88	2	TCGA-J9-A8CN-01
0.6	1.9	TCGA-J9-A8CP-01
0.1	1.7	TCGA-KC-A4BL-01
0.1	2.1	TCGA-KC-A4BN-01
0.23	2	TCGA-KC-A4BO-01
0.71	1.8	TCGA-KC-A4BR-01
0.65	1.9	TCGA-KC-A4BV-01
0.47	1.9	TCGA-KC-A7F3-01
0.93	1.9	TCGA-KC-A7F5-01
0.65	1.9	TCGA-KC-A7F6-01
0.47	5.7	TCGA-KC-A7FA-01
0.37	1.9	TCGA-KC-A7FD-01
0.42	1.9	TCGA-KC-A7FE-01
0.55	2	TCGA-KK-A59V-01
0.86	1.9	TCGA-KK-A59X-01
0.75	2	TCGA-KK-A59Y-01
0.76	4.3	TCGA-KK-A59Z-01
0.26	4.3	TCGA-KK-A5A1-01
0.2	5.7	TCGA-KK-A6DY-01
0.58	1.9	TCGA-KK-A6E0-01
0.66	3.8	TCGA-KK-A6E1-01
0.84	2	TCGA-KK-A6E2-01
0.18	2	TCGA-KK-A6E3-01
0.67	3.8	TCGA-KK-A6E4-01
0.6	1.9	TCGA-KK-A6E5-01
0.11	4.2	TCGA-KK-A6E6-01
0.54	3.8	TCGA-KK-A6E7-01
0.74	4.4	TCGA-KK-A6E8-01
0.88	2	TCGA-KK-A7AP-01
0.75	1.9	TCGA-KK-A7AQ-01
0.86	2	TCGA-KK-A7AU-01
0.16	2.1	TCGA-KK-A7AV-01
0.36	2.1	TCGA-KK-A7AW-01
0.75	2	TCGA-KK-A7AY-01
0.84	2	TCGA-KK-A7AZ-01
0.13	1.7	TCGA-KK-A7B0-01
0.52	1.9	TCGA-KK-A7B1-01
0.1	2	TCGA-KK-A7B2-01
0.5	3.9	TCGA-KK-A7B3-01
0.47	6.1	TCGA-KK-A7B4-01
0.36	2.4	TCGA-KK-A8I4-01
0.41	1.9	TCGA-KK-A8I5-01
0.67	1.9	TCGA-KK-A8I6-01
0.1	1.8	TCGA-KK-A8I7-01
0.72	2	TCGA-KK-A8I8-01
0.53	1.9	TCGA-KK-A8I9-01
0.87	1.9	TCGA-KK-A8IA-01
0.24	4.3	TCGA-KK-A8IB-01
0.13	6	TCGA-KK-A8IC-01
0.44	2.5	TCGA-KK-A8ID-01
0.91	4.3	TCGA-KK-A8IF-01
0.68	1.9	TCGA-KK-A8IG-01
0.75	1.9	TCGA-KK-A8IH-01
0.92	1.9	TCGA-KK-A8II-01
0.55	2	TCGA-KK-A8IJ-01
0.91	4.1	TCGA-KK-A8IK-01
0.34	1.9	TCGA-KK-A8IL-01
0.38	1.9	TCGA-KK-A8IM-01
0.12	1.8	TCGA-M7-A71Y-01
0.72	5.8	TCGA-M7-A71Z-01
0.43	1.9	TCGA-M7-A720-01
0.22	2.2	TCGA-M7-A721-01
0.85	2	TCGA-M7-A722-01
0.5	2.1	TCGA-M7-A723-01
0.95	2	TCGA-M7-A724-01
0.71	4.1	TCGA-M7-A725-01
0.77	1.9	TCGA-MG-AAMC-01
0.84	2	TCGA-QU-A6IL-01
0.52	2	TCGA-QU-A6IM-01
0.81	2	TCGA-QU-A6IN-01
0.48	1.9	TCGA-QU-A6IO-01
0.4	2	TCGA-QU-A6IP-01
0.1	1.6	TCGA-SU-A7E7-01
0.5	1.9	TCGA-TK-A8OK-01
0.55	1.9	TCGA-TP-A8TT-01
0.76	5.8	TCGA-TP-A8TV-01
0.61	2	TCGA-V1-A8MF-01
0.23	2	TCGA-V1-A8MG-01
0.1	1.8	TCGA-V1-A8MJ-01
0.42	1.9	TCGA-V1-A8MK-01
0.56	2	TCGA-V1-A8ML-01
0.79	2	TCGA-V1-A8MM-01
0.43	1.9	TCGA-V1-A8MU-01
0.68	1.9	TCGA-V1-A8WL-01
0.33	1.9	TCGA-V1-A8WN-01
0.32	5.7	TCGA-V1-A8WS-01
0.47	3.2	TCGA-V1-A8WV-01
0.82	2	TCGA-V1-A8WW-01
0.41	1.9	TCGA-V1-A8X3-01
0.53	2.2	TCGA-V1-A9O5-01
0.1	3.8	TCGA-V1-A9O7-01
0.52	1.9	TCGA-V1-A9O9-01
0.59	2	TCGA-V1-A9OA-01
0.55	5.9	TCGA-V1-A9OF-01
0.44	2	TCGA-V1-A9OH-01
0.57	3.9	TCGA-V1-A9OL-01
0.67	1.9	TCGA-V1-A9OQ-01
0.76	1.9	TCGA-V1-A9OT-01
0.25	1.9	TCGA-V1-A9OX-01
0.5	1.9	TCGA-V1-A9OY-01
0.58	2	TCGA-V1-A9Z7-01
0.32	2	TCGA-V1-A9Z8-01
0.65	1.9	TCGA-V1-A9Z9-01
0.32	1.9	TCGA-V1-A9ZG-01
0.78	2.2	TCGA-V1-A9ZI-01
0.33	1.9	TCGA-V1-A9ZK-01
0.51	1.9	TCGA-V1-A9ZR-01
0.38	1.9	TCGA-VN-A88I-01
0.81	2	TCGA-VN-A88K-01
0.47	3.9	TCGA-VN-A88L-01
0.33	1.9	TCGA-VN-A88M-01
0.58	2	TCGA-VN-A88N-01
0.31	1.9	TCGA-VN-A88O-01
0.62	3.9	TCGA-VN-A88P-01
0.63	2	TCGA-VN-A88Q-01
0.76	2	TCGA-VN-A88R-01
0.91	2	TCGA-VN-A943-01
0.61	1.9	TCGA-VP-A872-01
0.21	4.6	TCGA-VP-A875-01
0.73	5.7	TCGA-VP-A876-01
0.37	1.9	TCGA-VP-A878-01
0.4	1.9	TCGA-VP-A879-01
0.89	2	TCGA-VP-A87B-01
0.38	1.9	TCGA-VP-A87C-01
0.48	6	TCGA-VP-A87D-01
0.25	1.9	TCGA-VP-A87E-01
0.54	2.3	TCGA-VP-A87H-01
0.83	1.9	TCGA-VP-A87J-01
0.71	5.7	TCGA-VP-A87K-01
0.48	3.7	TCGA-VP-AA1N-01
0.91	1.9	TCGA-WW-A8ZI-01
0.56	1.9	TCGA-X4-A8KQ-01
0.37	2	TCGA-X4-A8KS-01
0.26	1.9	TCGA-XA-A8JR-01
0.81	1.9	TCGA-XJ-A83F-01
0.53	1.9	TCGA-XJ-A83G-01
0.46	2	TCGA-XJ-A83H-01
0.1	1.7	TCGA-XJ-A9DI-01
0.25	1.9	TCGA-XJ-A9DK-01
0.38	2	TCGA-XJ-A9DQ-01
0.68	2.3	TCGA-XJ-A9DX-01
0.33	1.8	TCGA-XK-AAIR-01
0.19	4.8	TCGA-XK-AAIV-01
0.82	1.9	TCGA-XK-AAIW-01
0.75	2	TCGA-XK-AAJ3-01
0.56	1.9	TCGA-XK-AAJA-01
0.8	1.9	TCGA-XK-AAJP-01
0.44	1.9	TCGA-XK-AAJR-01
0.66	1.9	TCGA-XK-AAJT-01
0.26	1.9	TCGA-XK-AAJU-01
0.77	1.9	TCGA-XK-AAK1-01
0.9	4.1	TCGA-XQ-A8TA-01
0.71	1.9	TCGA-XQ-A8TB-01
0.56	1.9	TCGA-Y6-A8TL-01
0.6	5.8	TCGA-Y6-A9XI-01
0.85	2.3	TCGA-YJ-A8SW-01
0.36	1.9	TCGA-YL-A8HJ-01
0.41	1.8	TCGA-YL-A8HK-01
0.83	1.9	TCGA-YL-A8HL-01
0.64	5.3	TCGA-YL-A8HM-01
0.18	5.8	TCGA-YL-A8HO-01
0.59	2.3	TCGA-YL-A8S8-01
0.95	2.1	TCGA-YL-A8S9-01
0.77	1.9	TCGA-YL-A8SA-01
0.45	1.9	TCGA-YL-A8SB-01
0.52	1.9	TCGA-YL-A8SC-01
0.68	2	TCGA-YL-A8SF-01
0.68	1.9	TCGA-YL-A8SH-01
0.34	2	TCGA-YL-A8SI-01
0.83	5.7	TCGA-YL-A8SJ-01
0.41	2	TCGA-YL-A8SK-01
0.77	3.6	TCGA-YL-A8SL-01
0.51	2	TCGA-YL-A8SO-01
0.87	1.9	TCGA-YL-A8SP-01
0.63	3.5	TCGA-YL-A8SQ-01
0.66	1.9	TCGA-YL-A8SR-01
0.58	3.3	TCGA-YL-A9WH-01
0.89	2.2	TCGA-YL-A9WI-01
0.41	1.7	TCGA-YL-A9WJ-01
0.46	5.9	TCGA-YL-A9WK-01
0.87	3.8	TCGA-YL-A9WL-01
0.1	1.6	TCGA-YL-A9WX-01
0.2	5.3	TCGA-YL-A9WY-01
0.32	1.9	TCGA-ZG-A8QW-01
0.14	2.5	TCGA-ZG-A8QX-01
0.55	1.9	TCGA-ZG-A8QY-01
0.39	2	TCGA-ZG-A8QZ-01
0.16	4.1	TCGA-ZG-A9KY-01
0.47	5	TCGA-ZG-A9L0-01
0.72	2.3	TCGA-ZG-A9L1-01
0.2	1.9	TCGA-ZG-A9L2-01
0.29	1.9	TCGA-ZG-A9L4-01
0.8	4.1	TCGA-ZG-A9L5-01
0.18	1.8	TCGA-ZG-A9L6-01
0.57	3.8	TCGA-ZG-A9L9-01
0.45	5.5	TCGA-ZG-A9LB-01
0.5	3.6	TCGA-ZG-A9LM-01
0.16	1.7	TCGA-ZG-A9LN-01
0.4	2.1	TCGA-ZG-A9LS-01
0.1	3.1	TCGA-ZG-A9LU-01
0.29	2.1	TCGA-ZG-A9LY-01
0.54	5.8	TCGA-ZG-A9LZ-01
0.39	5.3	TCGA-ZG-A9M4-01
0.15	1.8	TCGA-ZG-A9MC-01
0.4	5	TCGA-ZG-A9N3-01
0.78	1.9	TCGA-ZG-A9ND-01
0.6	2.2	TCGA-ZG-A9NI-01
0.97	1.9	WCMC0-SRR3146750
0.97	3.2	WCMC0-SRR3146784
0.92	1.9	WCMC0-SRR3146886
0.82	1.8	WCMC0-SRR3146906
0.1	2	WCMC1-SRR3146926
0.63	1.9	WCMC10-SRR3146888
0.85	2.2	WCMC10361-SRR3146801
0.24	5	WCMC10362-SRR3146940
0.77	3.8	WCMC10363-SRR3146919
0.85	4.4	WCMC10364-SRR3146932
0.31	3.9	WCMC10680-SRR3146721
0.1	1.9	WCMC11040-SRR3146815
0.85	4	WCMC12688-SRR3146788
0.44	2.3	WCMC12728-SRR3146836
0.43	4	WCMC14-SRR3146844
0.89	3.8	WCMC15-SRR3146810
0.22	2.2	WCMC160-SRR3146971
0.5	5.4	WCMC18248-SRR3146883
0.84	1.9	WCMC20870-SRR3146776
0.98	2.1	WCMC21010-SRR3146929
0.96	2	WCMC21014-SRR3146936
0.6	2	WCMC21016-SRR3146962
0.91	2.1	WCMC21017-SRR3146755
0.83	4	WCMC24290-SRR3146937
0.71	1.9	WCMC24854-SRR3146789
0.81	2	WCMC26731-SRR3146951
0.58	4.6	WCMC4240-SRR3146850
0.8	1.7	WCMC7-SRR3146725
0.72	3.3	WCMC7520-SRR3146855
0.29	4	WCMC7520-SRR3146865
0.71	3.8	WCMC7520-SRR3146871
0.76	2.1	WCMC7951-SRR3146812
1	1.8	WCMC9-SRR3146731
